numero,edad,identidad_genero,tipo_victima,lugar_hecho,modalidad_comisiva,fecha_hecho
1074,52,MUJER,PRINCIPAL,Santa Cruz,ESTRANGULAMIENTO -,2018-05-05
1073,38,MUJER,PRINCIPAL,San Luis,GOLPES - AHORCAMIENTO -,2018-01-28
1072,50,MUJER,PRINCIPAL,Tucuman,DISPARO DE BALA -,2018-01-24
1071,53,MUJER,PRINCIPAL,Buenos Aires,ESTRANGULAMIENTO -,2018-01-22
1070,4,MUJER,PRINCIPAL,Córdoba,AHORCAMIENTO - ABUSO SEXUAL -,2018-01-15
1068,26,MUJER,PRINCIPAL,Buenos Aires,DISPARO DE BALA -,2017-03-07
1067,16,MUJER,PRINCIPAL,Corrientes,ABUSO SEXUAL -,2018-01-02
1066,26,MUJER,PRINCIPAL,Salta,GOLPES -,2017-12-17
1065,50,MUJER,PRINCIPAL,Corrientes,GOLPES - OTROS -,2017-12-24
1064,,MUJER,VINCULADO,Santa Fe,Sin datos,2017-12-29
1064,,MUJER,VINCULADO,Santa Fe,DISPARO DE BALA -,2017-12-29
1064,20,HOMBRE,VINCULADO,Santa Fe,DISPARO DE BALA -,2017-12-29
1064,19,MUJER,VINCULADO,Santa Fe,DISPARO DE BALA -,2017-12-29
1064,35,MUJER,PRINCIPAL,Santa Fe,DISPARO DE BALA -,2017-12-29
1063,60,MUJER,PRINCIPAL,Jujuy,Sin datos,2018-01-04
1061,35,MUJER,PRINCIPAL,Jujuy,QUEMADURAS -,2017-11-21
1062,34,TRANSGENERO,PRINCIPAL,Buenos Aires,DISPARO DE BALA -,2018-12-29
1060,18,MUJER,PRINCIPAL,Santa Fe,QUEMADURAS -,2017-12-25
1059,21,MUJER,PRINCIPAL,Santiago del Estero,AHORCAMIENTO -,2017-09-12
1058,23,MUJER,PRINCIPAL,Santa Fe,AHORCAMIENTO -,2018-01-06
1057,41,MUJER,PRINCIPAL,Chaco,DISPARO DE BALA -,2017-12-13
1055,53,MUJER,PRINCIPAL,Córdoba,DISPARO DE BALA -,2017-12-25
1054,39,MUJER,PRINCIPAL,Neuquen,DISPARO DE BALA -,2018-01-11
1053,24,MUJER,PRINCIPAL,Salta,ACUCHILLAMIENTO -,2017-12-18
1052,25,MUJER,PRINCIPAL,Buenos Aires,QUEMADURAS -,2018-01-10
1051,31,MUJER,PRINCIPAL,La Rioja,GOLPES -,2018-01-08
1050,25,MUJER,PRINCIPAL,Chaco,ACUCHILLAMIENTO -,2017-09-23
1049,52,MUJER,PRINCIPAL,Ciudad de Buenos Aires,ESTRANGULAMIENTO -,2017-12-19
1048,17,MUJER,PRINCIPAL,Salta,GOLPES - ASFIXIA -,2017-12-07
1047,20,MUJER,PRINCIPAL,Tucuman,QUEMADURAS -,2017-12-08
1046,38,MUJER,PRINCIPAL,Tucuman,DISPARO DE BALA -,2014-11-16
1045,74,MUJER,PRINCIPAL,Buenos Aires,DISPARO DE BALA -,2017-09-20
1044,42,MUJER,PRINCIPAL,Córdoba,DISPARO DE BALA -,2017-12-19
1043,42,MUJER,PRINCIPAL,Buenos Aires,ASFIXIA -,2017-12-08
1042,43,MUJER,PRINCIPAL,Misiones,DISPARO DE BALA -,2017-12-09
1041,64,MUJER,PRINCIPAL,Buenos Aires,ACUCHILLAMIENTO -,2017-12-08
1040,32,MUJER,PRINCIPAL,Buenos Aires,GOLPES -,
1039,26,MUJER,PRINCIPAL,Misiones,ASFIXIA -,2017-12-02
1038,32,MUJER,PRINCIPAL,Buenos Aires,ACUCHILLAMIENTO -,2017-12-11
1037,20,MUJER,PRINCIPAL,Córdoba,DISPARO DE BALA -,2017-12-08
1036,1,HOMBRE,VINCULADO,Catamarca,QUEMADURAS -,2017-11-27
1036,22,MUJER,PRINCIPAL,Catamarca,QUEMADURAS -,2017-11-27
1035,75,MUJER,PRINCIPAL,Buenos Aires,ACUCHILLAMIENTO -,2017-12-06
1034,19,MUJER,PRINCIPAL,Buenos Aires,DISPARO DE BALA -,2017-12-06
1033,30,MUJER,PRINCIPAL,Formosa,GOLPES -,2015-02-09
1032,38,MUJER,PRINCIPAL,Salta,DISPARO DE BALA -,2017-12-01
1031,34,MUJER,PRINCIPAL,Formosa,ACUCHILLAMIENTO -,2017-12-01
1029,36,,PRINCIPAL,Ciudad de Buenos Aires,ASFIXIA -,2014-03-28
1030,36,MUJER,PRINCIPAL,Ciudad de Buenos Aires,ACUCHILLAMIENTO -,2015-11-15
1028,44,MUJER,PRINCIPAL,Entre Rios,ACUCHILLAMIENTO -,2017-11-25
1027,26,MUJER,PRINCIPAL,Buenos Aires,ACUCHILLAMIENTO -,2017-11-11
1026,22,MUJER,PRINCIPAL,Santa Fe,GOLPES -,2017-11-07
1025,30,MUJER,PRINCIPAL,Chubut,AHORCAMIENTO -,2016-01-24
1024,23,MUJER,PRINCIPAL,Buenos Aires,ASFIXIA -,2017-10-29
1023,54,MUJER,PRINCIPAL,Entre Rios,DISPARO DE BALA -,2017-10-28
1022,27,MUJER,PRINCIPAL,Entre Rios,ACUCHILLAMIENTO -,2017-10-25
1020,22,MUJER,PRINCIPAL,Chaco,GOLPES -,2017-10-24
1021,2,MUJER,VINCULADO,Santa Fe,ACUCHILLAMIENTO -,2017-10-24
1021,33,MUJER,PRINCIPAL,Santa Fe,ACUCHILLAMIENTO -,2017-10-24
1019,37,MUJER,PRINCIPAL,Buenos Aires,ACUCHILLAMIENTO -,2017-10-23
1018,20,MUJER,PRINCIPAL,Santa Fe,ACUCHILLAMIENTO -,2017-10-20
1017,36,MUJER,PRINCIPAL,Neuquen,APUÑALAMIENTO -,2017-09-28
1016,26,TRANS FEMENINA,PRINCIPAL,Córdoba,ACUCHILLAMIENTO -,2017-10-18
1015,43,MUJER,PRINCIPAL,Córdoba,GOLPES -,2017-10-17
1014,29,MUJER,PRINCIPAL,Catamarca,AHORCAMIENTO -,2017-10-09
1013,20,HOMBRE,VINCULADO,Santiago del Estero,DESCUARTIZAMIENTO -,2017-10-06
1013,62,MUJER,PRINCIPAL,Santiago del Estero,DESCUARTIZAMIENTO -,2017-10-06
1012,25,MUJER,PRINCIPAL,Buenos Aires,ACUCHILLAMIENTO -,2017-10-06
1011,51,MUJER,PRINCIPAL,Ciudad de Buenos Aires,DISPARO DE BALA -,2017-09-30
1010,35,MUJER,PRINCIPAL,Córdoba,DEGOLLAMIENTO -,2017-10-29
1009,40,MUJER,PRINCIPAL,Buenos Aires,ESTRANGULAMIENTO -,2017-09-30
1008,25,MUJER,PRINCIPAL,Salta,GOLPES -,2017-09-21
1007,39,MUJER,PRINCIPAL,Buenos Aires,ACUCHILLAMIENTO -,2017-09-21
1006,31,MUJER,PRINCIPAL,Buenos Aires,DISPARO DE BALA -,2017-09-17
1005,43,TRANS FEMENINA,PRINCIPAL,Buenos Aires,GOLPES -,2017-09-09
1004,13,MUJER,PRINCIPAL,Buenos Aires,ACUCHILLAMIENTO -,2017-09-07
1003,,MUJER,PRINCIPAL,Tucuman,DISPARO DE BALA -,2017-09-01
1002,47,MUJER,PRINCIPAL,Catamarca,DISPARO DE BALA -,2017-09-12
1001,22,MUJER,PRINCIPAL,Santiago del Estero,ESTRANGULAMIENTO -,2017-09-11
1000,31,TRANSGENERO,PRINCIPAL,Tucuman,ASFIXIA -,2017-08-12
999,29,MUJER,PRINCIPAL,Buenos Aires,DISPARO DE BALA -,2017-09-09
998,19,MUJER,PRINCIPAL,Buenos Aires,ACUCHILLAMIENTO -,2017-09-09
997,21,MUJER,PRINCIPAL,Jujuy,ESTRANGULAMIENTO -,2015-02-03
996,51,MUJER,PRINCIPAL,Jujuy,GOLPES -,2015-05-19
995,0,MUJER,PRINCIPAL,Buenos Aires,GOLPES - ESTRANGULAMIENTO - ABUSO SEXUAL -,2017-09-05
994,20,MUJER,PRINCIPAL,Córdoba,ACUCHILLAMIENTO -,2017-08-27
993,23,MUJER,PRINCIPAL,Buenos Aires,GOLPES -,2015-12-25
992,22,MUJER,PRINCIPAL,Córdoba,ACUCHILLAMIENTO -,2016-09-02
991,19,MUJER,PRINCIPAL,Salta,ESTRANGULAMIENTO -,2017-08-26
990,27,MUJER,PRINCIPAL,Jujuy,GOLPES -,2017-08-20
989,30,MUJER,PRINCIPAL,Tucuman,DISPARO DE BALA -,2013-04-01
978,65,MUJER,VINCULADO,Buenos Aires,ACUCHILLAMIENTO -,2017-08-23
987,20,MUJER,PRINCIPAL,Santa Fe,DISPARO DE BALA -,2017-08-19
986,21,MUJER,PRINCIPAL,Salta,ENVENENAMIENTO -,2017-05-05
985,32,MUJER,PRINCIPAL,Santa Fe,ACUCHILLAMIENTO - QUEMADURAS -,2013-12-09
984,,MUJER,PRINCIPAL,Buenos Aires,ACUCHILLAMIENTO -,2017-07-01
983,46,MUJER,PRINCIPAL,Buenos Aires,ACUCHILLAMIENTO -,2017-08-09
983,80,MUJER,VINCULADO,Buenos Aires,ACUCHILLAMIENTO -,2017-08-09
982,18,MUJER,PRINCIPAL,Ciudad de Buenos Aires,DISPARO DE BALA -,2017-06-20
981,22,MUJER,PRINCIPAL,Buenos Aires,AHORCAMIENTO -,2017-08-08
980,41,MUJER,PRINCIPAL,Córdoba,ACUCHILLAMIENTO -,2017-08-07
979,16,MUJER,PRINCIPAL,Buenos Aires,ASFIXIA -,2017-08-04
978,36,MUJER,PRINCIPAL,Buenos Aires,ACUCHILLAMIENTO -,2017-08-23
977,27,MUJER,PRINCIPAL,Corrientes,GOLPES -,2017-07-28
976,36,TRAVESTI,PRINCIPAL,Santa Fe,DISPARO DE BALA -,2017-07-25
975,67,MUJER,VINCULADO,Corrientes,DISPARO DE BALA -,2017-07-25
974,67,MUJER,PRINCIPAL,Ciudad de Buenos Aires,GOLPES -,2017-07-21
973,29,MUJER,PRINCIPAL,Santa Fe,DISPARO DE BALA -,2014-10-11
972,,MUJER,PRINCIPAL,Neuquen,ASFIXIA - QUEMADURAS -,2017-07-24
971,39,MUJER,PRINCIPAL,Jujuy,GOLPES -,2017-07-13
970,18,MUJER,PRINCIPAL,Buenos Aires,DISPARO DE BALA -,2017-07-19
969,55,MUJER,PRINCIPAL,Buenos Aires,DISPARO DE BALA -,2017-07-20
967,73,HOMBRE,PRINCIPAL,Ciudad de Buenos Aires,ESTRANGULAMIENTO -,2017-07-15
966,13,MUJER,PRINCIPAL,Chaco,DISPARO DE BALA -,2017-07-14
965,27,MUJER,VINCULADO,Córdoba,DISPARO DE BALA -,2017-07-14
964,66,MUJER,PRINCIPAL,Córdoba,DISPARO DE BALA -,2017-07-15
962,30,MUJER,PRINCIPAL,Buenos Aires,AHORCAMIENTO -,2013-05-22
961,37,MUJER,PRINCIPAL,Santa Fe,GOLPES -,2017-07-12
959,24,MUJER,PRINCIPAL,Tucuman,DISPARO DE BALA -,2014-07-06
958,38,MUJER,PRINCIPAL,Entre Rios,ACUCHILLAMIENTO -,2017-07-12
957,999,MUJER,PRINCIPAL,Tucuman,GOLPES -,2014-06-22
956,38,MUJER,PRINCIPAL,Misiones,ACUCHILLAMIENTO -,2012-12-06
955,21,MUJER,PRINCIPAL,Tucuman,QUEMADURAS -,2017-04-02
954,19,HOMBRE,PRINCIPAL,Buenos Aires,OTROS -,2017-07-08
953,31,MUJER,PRINCIPAL,Santiago del Estero,ESTRANGULAMIENTO -,2017-07-09
952,26,MUJER,PRINCIPAL,Buenos Aires,ACUCHILLAMIENTO - QUEMADURAS -,2017-07-08
951,7,MUJER,VINCULADO,Ciudad de Buenos Aires,ACUCHILLAMIENTO -,2017-07-06
951,43,MUJER,PRINCIPAL,Ciudad de Buenos Aires,ACUCHILLAMIENTO -,2017-07-06
950,19,MUJER,PRINCIPAL,Buenos Aires,ESTRANGULAMIENTO -,2017-07-05
947,30,MUJER,PRINCIPAL,Córdoba,APUÑALAMIENTO -,2016-10-30
946,27,MUJER,PRINCIPAL,Chubut,ACUCHILLAMIENTO -,2017-07-03
944,32,MUJER,PRINCIPAL,Ciudad de Buenos Aires,ACUCHILLAMIENTO -,2017-06-28
943,39,MUJER,PRINCIPAL,Santiago del Estero,AHORCAMIENTO -,2012-01-22
942,23,MUJER,PRINCIPAL,Buenos Aires,DISPARO DE BALA -,2017-07-03
941,52,MUJER,PRINCIPAL,San Juan,ACUCHILLAMIENTO -,2017-07-02
940,31,MUJER,PRINCIPAL,San Luis,GOLPES -,2017-06-28
937,25,MUJER,PRINCIPAL,Chaco,ASFIXIA -,2017-06-27
936,37,MUJER,PRINCIPAL,Tucuman,ACUCHILLAMIENTO - DISPARO DE BALA -,2017-06-27
935,17,MUJER,PRINCIPAL,Santiago del Estero,DISPARO DE BALA -,2017-06-25
934,19,MUJER,PRINCIPAL,Formosa,ABUSO SEXUAL -,2017-06-16
933,31,MUJER,PRINCIPAL,Buenos Aires,QUEMADURAS -,2017-04-20
932,20,MUJER,PRINCIPAL,Córdoba,DISPARO DE BALA -,2017-06-22
930,27,MUJER,PRINCIPAL,Buenos Aires,ACUCHILLAMIENTO -,2017-06-19
929,46,MUJER,PRINCIPAL,Córdoba,DISPARO DE BALA -,
927,46,MUJER,PRINCIPAL,Córdoba,DESCUARTIZAMIENTO -,2017-06-17
928,33,MUJER,PRINCIPAL,Neuquen,ACUCHILLAMIENTO -,2017-06-11
926,39,MUJER,PRINCIPAL,Salta,ACUCHILLAMIENTO -,2017-06-11
925,18,MUJER,PRINCIPAL,Santa Fe,DISPARO DE BALA -,2017-06-10
924,10,MUJER,VINCULADO,Neuquen,DISPARO DE BALA -,2017-06-08
922,29,MUJER,PRINCIPAL,Buenos Aires,DISPARO DE BALA -,2017-06-12
921,3,HOMBRE,VINCULADO,Salta,ENVENENAMIENTO -,2017-06-05
921,26,MUJER,PRINCIPAL,Salta,ENVENENAMIENTO -,2017-06-05
919,46,MUJER,PRINCIPAL,Córdoba,GOLPES - DESCUARTIZAMIENTO -,2017-05-28
918,40,MUJER,PRINCIPAL,Santiago del Estero,APUÑALAMIENTO -,2017-06-01
917,35,MUJER,PRINCIPAL,Buenos Aires,DISPARO DE BALA -,2017-05-28
916,22,MUJER,PRINCIPAL,Salta,ESTRANGULAMIENTO -,2017-05-27
914,21,MUJER,PRINCIPAL,Buenos Aires,DISPARO DE BALA -,2017-05-23
913,,MUJER,PRINCIPAL,,GOLPES -,
912,52,MUJER,PRINCIPAL,Buenos Aires,DISPARO DE BALA -,2017-05-16
911,50,MUJER,PRINCIPAL,Ciudad de Buenos Aires,ACUCHILLAMIENTO -,2015-12-14
910,50,MUJER,PRINCIPAL,Chaco,DEGOLLAMIENTO -,2017-05-14
909,36,MUJER,PRINCIPAL,Catamarca,ACUCHILLAMIENTO -,2017-05-14
907,,MUJER,PRINCIPAL,Buenos Aires,AHORCAMIENTO -,2017-05-07
906,17,MUJER,PRINCIPAL,Córdoba,ATROPELLAMIENTO -,2017-04-26
905,17,MUJER,PRINCIPAL,Tucuman,QUEMADURAS -,2017-05-06
904,50,MUJER,PRINCIPAL,Córdoba,ACUCHILLAMIENTO -,2017-05-09
903,34,MUJER,PRINCIPAL,Mendoza,ESTRANGULAMIENTO -,2016-09-19
902,22,MUJER,PRINCIPAL,Jujuy,QUEMADURAS -,2017-05-04
901,18,HOMBRE,PRINCIPAL,Chaco,ACUCHILLAMIENTO -,2017-02-23
899,15,MUJER,PRINCIPAL,Buenos Aires,ACUCHILLAMIENTO -,2017-05-04
898,1,MUJER,PRINCIPAL,Mendoza,ATROPELLAMIENTO -,2017-04-27
897,18,MUJER,PRINCIPAL,Buenos Aires,ACUCHILLAMIENTO -,2017-02-11
896,15,MUJER,PRINCIPAL,Salta,ACUCHILLAMIENTO -,2017-04-29
895,,MUJER,PRINCIPAL,Santiago del Estero,ACUCHILLAMIENTO -,2017-04-28
894,22,MUJER,PRINCIPAL,Buenos Aires,DESCUARTIZAMIENTO -,2017-04-02
893,21,MUJER,PRINCIPAL,Córdoba,ESTRANGULAMIENTO -,2017-04-22
892,23,MUJER,PRINCIPAL,Buenos Aires,ACUCHILLAMIENTO -,2015-11-23
891,35,MUJER,PRINCIPAL,Santa Fe,GOLPES -,2017-04-19
890,40,MUJER,PRINCIPAL,Mendoza,DESCUARTIZAMIENTO -,2017-04-21
889,52,MUJER,PRINCIPAL,Mendoza,AHORCAMIENTO -,2017-04-23
888,,MUJER,PRINCIPAL,Tucuman,ACUCHILLAMIENTO -,2017-04-23
887,44,MUJER,PRINCIPAL,Corrientes,ACUCHILLAMIENTO - GOLPES -,2015-03-16
886,41,MUJER,PRINCIPAL,Santa Fe,DISPARO DE BALA -,2017-04-17
885,29,MUJER,PRINCIPAL,Santa Fe,ACUCHILLAMIENTO -,2017-04-16
884,,MUJER,PRINCIPAL,Buenos Aires,ABUSO SEXUAL -,2017-04-15
883,3,MUJER,PRINCIPAL,Buenos Aires,GOLPES - ABUSO SEXUAL -,2017-04-11
882,48,MUJER,PRINCIPAL,Buenos Aires,DEGOLLAMIENTO -,2017-04-20
881,49,MUJER,PRINCIPAL,Santa Fe,ACUCHILLAMIENTO -,2017-04-13
880,27,MUJER,PRINCIPAL,Misiones,ACUCHILLAMIENTO -,2017-04-17
876,,HOMBRE,VINCULADO,Córdoba,ACUCHILLAMIENTO -,2016-05-24
875,56,MUJER,PRINCIPAL,Buenos Aires,DESCUARTIZAMIENTO -,2017-04-09
874,43,MUJER,PRINCIPAL,Santiago del Estero,ACUCHILLAMIENTO -,2017-04-14
873,16,,PRINCIPAL,Tucuman,ABUSO SEXUAL -,2017-04-14
872,10,MUJER,PRINCIPAL,Corrientes,ABUSO SEXUAL -,2017-04-04
871,,HOMBRE,VINCULADO,Rio Negro,ACUCHILLAMIENTO -,2015-11-07
870,43,,PRINCIPAL,Santa Fe,GOLPES -,2017-04-09
869,,,VINCULADO,Rio Negro,ACUCHILLAMIENTO -,2016-10-29
868,19,MUJER,PRINCIPAL,Córdoba,Sin datos,2017-04-08
867,30,MUJER,PRINCIPAL,Buenos Aires,GOLPES -,2017-03-22
866,21,MUJER,PRINCIPAL,Entre Rios,ESTRANGULAMIENTO -,2017-04-01
865,78,MUJER,PRINCIPAL,Santiago del Estero,GOLPES -,2014-06-01
864,16,MUJER,PRINCIPAL,Misiones,ESTRANGULAMIENTO -,2017-04-02
863,,,PRINCIPAL,Buenos Aires,GOLPES -,2014-08-27
862,22,,PRINCIPAL,Salta,Sin datos,2017-03-01
861,,MUJER,PRINCIPAL,Buenos Aires,Sin datos,2017-03-31
860,43,MUJER,PRINCIPAL,Buenos Aires,GOLPES -,2017-03-30
859,42,MUJER,PRINCIPAL,La Rioja,APUÑALAMIENTO -,2017-03-30
858,,MUJER,PRINCIPAL,Buenos Aires,DESBARRANCAMIENTO -,2017-03-27
857,31,MUJER,PRINCIPAL,Jujuy,ESTRANGULAMIENTO -,2017-03-22
856,,MUJER,PRINCIPAL,La Pampa,DEGOLLAMIENTO -,2016-11-22
855,12,,PRINCIPAL,San Luis,ESTRANGULAMIENTO -,2017-03-22
854,36,MUJER,PRINCIPAL,Buenos Aires,ESTRANGULAMIENTO -,2017-03-21
853,16,MUJER,PRINCIPAL,San Luis,DISPARO DE BALA -,2017-03-19
852,50,MUJER,PRINCIPAL,Jujuy,GOLPES -,2017-03-21
851,28,MUJER,PRINCIPAL,Córdoba,ACUCHILLAMIENTO -,2016-11-30
850,17,MUJER,PRINCIPAL,Salta,Sin datos,2017-03-18
849,22,MUJER,PRINCIPAL,Buenos Aires,Sin datos,2017-03-20
847,19,MUJER,PRINCIPAL,Buenos Aires,ESTRANGULAMIENTO -,2016-08-21
846,48,MUJER,PRINCIPAL,Córdoba,DISPARO DE BALA -,2017-03-13
845,53,MUJER,PRINCIPAL,Córdoba,GOLPES -,2017-03-10
843,36,MUJER,PRINCIPAL,Córdoba,DISPARO DE BALA -,2017-03-05
844,43,MUJER,PRINCIPAL,Neuquen,DISPARO DE BALA -,2017-03-12
842,54,MUJER,PRINCIPAL,Salta,GOLPES -,2017-02-24
841,35,,PRINCIPAL,Entre Rios,GOLPES -,2017-02-28
840,67,MUJER,PRINCIPAL,Santa Fe,DISPARO DE BALA - GOLPES -,2017-02-27
839,22,MUJER,PRINCIPAL,Buenos Aires,Empalamiento -,2017-02-24
838,20,MUJER,PRINCIPAL,Buenos Aires,Sin datos,2017-02-21
837,3,,VINCULADO,Santiago del Estero,QUEMADURAS - ACUCHILLAMIENTO -,2017-02-20
837,9,MUJER,VINCULADO,Santiago del Estero,QUEMADURAS - ACUCHILLAMIENTO -,2017-02-20
837,11,MUJER,VINCULADO,Santiago del Estero,QUEMADURAS - ACUCHILLAMIENTO -,2017-02-20
837,12,HOMBRE,VINCULADO,Santiago del Estero,QUEMADURAS - ACUCHILLAMIENTO -,2017-02-20
837,33,MUJER,PRINCIPAL,Santiago del Estero,QUEMADURAS - ACUCHILLAMIENTO -,2017-02-20
836,20,MUJER,PRINCIPAL,Jujuy,ACUCHILLAMIENTO -,2017-02-17
835,8,MUJER,VINCULADO,Jujuy,DEGOLLAMIENTO -,2017-02-15
835,30,MUJER,PRINCIPAL,Jujuy,DEGOLLAMIENTO -,2017-02-15
834,31,MUJER,PRINCIPAL,Mendoza,GOLPES -,2017-02-15
833,27,MUJER,PRINCIPAL,Buenos Aires,ACUCHILLAMIENTO -,2017-02-17
831,42,MUJER,PRINCIPAL,Buenos Aires,GOLPES - ACUCHILLAMIENTO -,2017-02-11
830,16,MUJER,VINCULADO,Buenos Aires,DISPARO DE BALA -,2017-02-12
830,17,MUJER,PRINCIPAL,Buenos Aires,DISPARO DE BALA -,2017-02-12
829,42,MUJER,PRINCIPAL,Buenos Aires,GOLPES -,2017-02-12
828,40,MUJER,PRINCIPAL,Corrientes,QUEMADURAS -,2017-02-01
827,26,MUJER,PRINCIPAL,Buenos Aires,GOLPES -,2016-03-21
826,15,MUJER,PRINCIPAL,Buenos Aires,ACUCHILLAMIENTO -,2017-02-03
826,50,MUJER,PRINCIPAL,Buenos Aires,ACUCHILLAMIENTO -,2017-02-03
825,55,MUJER,VINCULADO,Buenos Aires,DISPARO DE BALA - DISPARO DE BALA -,2017-02-05
825,34,HOMBRE,VINCULADO,Buenos Aires,DISPARO DE BALA - DISPARO DE BALA -,2017-02-05
825,,HOMBRE,VINCULADO,Buenos Aires,DISPARO DE BALA - DISPARO DE BALA -,2017-02-05
825,,MUJER,VINCULADO,Buenos Aires,DISPARO DE BALA - DISPARO DE BALA -,2017-02-05
825,,MUJER,PRINCIPAL,Buenos Aires,DISPARO DE BALA - DISPARO DE BALA -,2017-02-05
824,32,MUJER,PRINCIPAL,Santa Fe,GOLPES -,2017-02-06
823,44,MUJER,PRINCIPAL,Salta,ACUCHILLAMIENTO -,2017-01-27
822,28,MUJER,PRINCIPAL,Tucuman,APUÑALAMIENTO -,2017-02-04
821,26,MUJER,PRINCIPAL,Salta,ACUCHILLAMIENTO -,2017-02-01
820,28,MUJER,PRINCIPAL,Chubut,GOLPES -,2017-01-27
819,53,MUJER,PRINCIPAL,Buenos Aires,ACUCHILLAMIENTO -,2017-01-25
818,28,MUJER,PRINCIPAL,Salta,QUEMADURAS -,2017-01-22
813,25,,PRINCIPAL,Buenos Aires,ACUCHILLAMIENTO -,2017-01-20
812,39,MUJER,PRINCIPAL,Buenos Aires,Sin datos,2017-01-21
811,25,MUJER,PRINCIPAL,Buenos Aires,DISPARO DE BALA -,2017-01-16
810,23,,PRINCIPAL,Chaco,ACUCHILLAMIENTO -,2014-02-20
809,39,MUJER,PRINCIPAL,Mendoza,ESTRANGULAMIENTO -,2016-08-29
808,34,MUJER,PRINCIPAL,Córdoba,ACUCHILLAMIENTO -,2017-01-15
806,18,,PRINCIPAL,Buenos Aires,DISPARO DE BALA -,2017-01-12
805,23,MUJER,PRINCIPAL,Buenos Aires,DISPARO DE BALA -,2017-01-09
804,35,MUJER,PRINCIPAL,Buenos Aires,OTROS - ASFIXIA - GOLPES -,2016-12-24
803,35,MUJER,PRINCIPAL,Salta,ESTRANGULAMIENTO -,2017-01-06
802,42,MUJER,PRINCIPAL,Buenos Aires,GOLPES -,2017-01-04
801,18,,PRINCIPAL,Salta,AHORCAMIENTO - ACUCHILLAMIENTO -,2017-01-05
800,0,HOMBRE,VINCULADO,Santiago del Estero,GOLPES -,2016-12-30
799,15,MUJER,PRINCIPAL,Buenos Aires,DISPARO DE BALA -,2016-12-29
798,22,MUJER,PRINCIPAL,Ciudad de Buenos Aires,DISPARO DE BALA -,2016-12-29
797,999,MUJER,PRINCIPAL,,Sin datos,
796,,MUJER,PRINCIPAL,Buenos Aires,DEGOLLAMIENTO - ACUCHILLAMIENTO -,2016-12-27
795,22,TRAVESTI,PRINCIPAL,Buenos Aires,GOLPES -,2016-12-22
793,14,MUJER,PRINCIPAL,Buenos Aires,ASFIXIA - GOLPES -,2013-02-12
792,70,HOMBRE,VINCULADO,Entre Rios,ACUCHILLAMIENTO -,2016-12-25
791,29,MUJER,PRINCIPAL,Santiago del Estero,GOLPES - ACUCHILLAMIENTO -,2016-12-24
790,32,HOMBRE,VINCULADO,Santa Fe,APUÑALAMIENTO -,2016-12-25
790,44,MUJER,VINCULADO,Santa Fe,APUÑALAMIENTO -,2016-12-25
790,15,MUJER,VINCULADO,Santa Fe,APUÑALAMIENTO -,2016-12-25
790,45,HOMBRE,VINCULADO,Santa Fe,APUÑALAMIENTO -,2016-12-25
789,30,MUJER,PRINCIPAL,Mendoza,Sin datos,2016-12-10
788,34,MUJER,PRINCIPAL,Tucuman,ESTRANGULAMIENTO -,2016-12-21
787,49,MUJER,PRINCIPAL,Corrientes,QUEMADURAS -,2016-10-09
786,16,MUJER,PRINCIPAL,Chaco,Sin datos,2016-12-18
785,29,MUJER,PRINCIPAL,Buenos Aires,DEGOLLAMIENTO - GOLPES -,2015-11-06
784,47,MUJER,PRINCIPAL,Misiones,Empalamiento - OTROS - GOLPES -,2016-12-18
783,36,HOMBRE,VINCULADO,Neuquen,DISPARO DE BALA -,2016-11-27
782,40,MUJER,PRINCIPAL,Córdoba,Sin datos,2014-01-24
781,33,MUJER,PRINCIPAL,Buenos Aires,APUÑALAMIENTO - GOLPES -,2016-12-12
780,36,HOMBRE,VINCULADO,Buenos Aires,DISPARO DE BALA -,2016-12-14
779,30,MUJER,VINCULADO,Buenos Aires,ACUCHILLAMIENTO -,2016-12-02
779,49,MUJER,PRINCIPAL,Buenos Aires,ACUCHILLAMIENTO -,2016-12-02
778,40,MUJER,PRINCIPAL,Chubut,DEGOLLAMIENTO -,2016-12-08
777,24,MUJER,PRINCIPAL,Córdoba,OTROS - ESTRANGULAMIENTO -,2016-11-28
776,31,MUJER,PRINCIPAL,Buenos Aires,ACUCHILLAMIENTO -,2016-12-02
775,32,MUJER,PRINCIPAL,Jujuy,ACUCHILLAMIENTO -,2016-12-05
774,18,MUJER,PRINCIPAL,Buenos Aires,ACUCHILLAMIENTO -,2016-12-06
773,15,MUJER,PRINCIPAL,Salta,AHORCAMIENTO -,2016-12-05
758,16,MUJER,PRINCIPAL,Ciudad de Buenos Aires,ACUCHILLAMIENTO - ACUCHILLAMIENTO -,2016-10-11
770,28,MUJER,PRINCIPAL,Córdoba,ACUCHILLAMIENTO -,2016-12-01
767,35,MUJER,PRINCIPAL,Santa Fe,OTROS -,2016-11-12
766,38,MUJER,PRINCIPAL,Santa Fe,APUÑALAMIENTO -,2016-11-17
765,26,MUJER,PRINCIPAL,Ciudad de Buenos Aires,DEGOLLAMIENTO - OTROS -,2016-11-13
764,34,MUJER,PRINCIPAL,Mendoza,DISPARO DE BALA -,2016-11-11
763,39,MUJER,PRINCIPAL,Entre Rios,DEGOLLAMIENTO -,2016-11-14
762,34,MUJER,PRINCIPAL,Buenos Aires,DISPARO DE BALA -,2016-11-14
761,35,MUJER,PRINCIPAL,Entre Rios,OTROS -,2016-11-09
760,23,HOMBRE,VINCULADO,Entre Rios,APUÑALAMIENTO -,2016-11-07
760,7,MUJER,PRINCIPAL,Entre Rios,APUÑALAMIENTO -,2016-11-07
760,5,MUJER,VINCULADO,Entre Rios,APUÑALAMIENTO -,2016-11-07
760,23,MUJER,PRINCIPAL,Entre Rios,APUÑALAMIENTO -,2016-11-07
759,45,MUJER,PRINCIPAL,Entre Rios,DISPARO DE BALA -,2016-11-05
759,37,MUJER,PRINCIPAL,Entre Rios,DISPARO DE BALA -,2016-11-05
758,18,MUJER,PRINCIPAL,Ciudad de Buenos Aires,ACUCHILLAMIENTO - ACUCHILLAMIENTO -,2016-10-11
757,39,MUJER,PRINCIPAL,Ciudad de Buenos Aires,ACUCHILLAMIENTO -,2016-10-29
756,22,MUJER,PRINCIPAL,Tucuman,QUEMADURAS -,2016-10-19
755,26,TRAVESTI,PRINCIPAL,Misiones,GOLPES -,2016-10-27
754,53,MUJER,PRINCIPAL,Buenos Aires,DISPARO DE BALA -,2016-10-24
753,43,MUJER,PRINCIPAL,Córdoba,ACUCHILLAMIENTO -,2016-10-23
752,90,MUJER,VINCULADO,,ACUCHILLAMIENTO -,2016-10-23
752,65,MUJER,VINCULADO,,ACUCHILLAMIENTO -,2016-10-23
752,31,MUJER,PRINCIPAL,,ACUCHILLAMIENTO -,2016-10-23
751,41,MUJER,PRINCIPAL,Mendoza,GOLPES - ACUCHILLAMIENTO -,2016-10-19
750,65,MUJER,PRINCIPAL,Mendoza,ASFIXIA -,2016-09-09
749,34,MUJER,PRINCIPAL,Córdoba,DISPARO DE BALA -,2016-10-14
748,42,MUJER,PRINCIPAL,Tucuman,APUÑALAMIENTO -,2016-10-18
747,,MUJER,PRINCIPAL,Buenos Aires,OTROS -,2016-10-17
746,35,MUJER,PRINCIPAL,Jujuy,QUEMADURAS -,2016-10-17
745,63,MUJER,PRINCIPAL,Buenos Aires,ACUCHILLAMIENTO -,2016-10-15
744,54,MUJER LESBIANA,PRINCIPAL,Buenos Aires,ACUCHILLAMIENTO -,2016-10-11
743,41,MUJER,PRINCIPAL,Córdoba,ACUCHILLAMIENTO -,2016-10-12
742,22,MUJER,PRINCIPAL,Córdoba,Sin datos,2016-10-14
741,38,MUJER,PRINCIPAL,Buenos Aires,DEGOLLAMIENTO -,2016-10-16
740,28,MUJER,PRINCIPAL,Santiago del Estero,ACUCHILLAMIENTO -,2016-10-14
739,15,MUJER,PRINCIPAL,Mendoza,ASFIXIA -,2016-10-15
738,55,MUJER,PRINCIPAL,Buenos Aires,GOLPES - ACUCHILLAMIENTO -,2016-10-13
737,2,MUJER,VINCULADO,Buenos Aires,GOLPES -,2013-08-17
736,16,MUJER,PRINCIPAL,Buenos Aires,OTROS - GOLPES -,2016-10-09
735,22,MUJER,PRINCIPAL,Buenos Aires,ESTRANGULAMIENTO -,2016-10-09
734,24,MUJER,PRINCIPAL,Mendoza,Sin datos,2015-07-19
733,18,MUJER,PRINCIPAL,Buenos Aires,DEGOLLAMIENTO - ACUCHILLAMIENTO -,2016-09-21
732,30,MUJER,PRINCIPAL,Jujuy,DISPARO DE BALA -,2016-10-01
731,30,MUJER,PRINCIPAL,Santa Cruz,APUÑALAMIENTO - DEGOLLAMIENTO - QUEMADURAS -,2016-10-05
730,26,MUJER,PRINCIPAL,Buenos Aires,DISPARO DE BALA -,2016-10-03
729,19,MUJER,PRINCIPAL,Ciudad de Buenos Aires,APUÑALAMIENTO -,2016-09-28
40,44,MUJER,VINCULADO,Mendoza,DISPARO DE BALA -,2014-09-21
728,19,MUJER,PRINCIPAL,Mendoza,DEGOLLAMIENTO -,2016-09-28
727,21,MUJER,PRINCIPAL,Mendoza,GOLPES -,2016-09-27
726,29,MUJER,PRINCIPAL,Mendoza,DISPARO DE BALA -,2016-09-23
725,14,MUJER,VINCULADO,Chubut,DISPARO DE BALA -,2016-09-13
725,54,MUJER,VINCULADO,Chubut,DISPARO DE BALA -,2016-09-13
725,26,HOMBRE,VINCULADO,Chubut,DISPARO DE BALA -,2016-09-13
724,44,MUJER,PRINCIPAL,Santiago del Estero,DISPARO DE BALA -,2016-09-21
723,18,MUJER,PRINCIPAL,Tucuman,Sin datos,2016-09-18
722,25,HOMBRE,VINCULADO,Buenos Aires,DISPARO DE BALA -,2016-09-20
722,39,MUJER,VINCULADO,Buenos Aires,DISPARO DE BALA -,2016-09-20
720,21,MUJER,PRINCIPAL,Jujuy,AHORCAMIENTO -,2015-02-01
719,16,MUJER,PRINCIPAL,Buenos Aires,DISPARO DE BALA -,2016-09-16
718,26,MUJER,PRINCIPAL,Mendoza,AHORCAMIENTO -,2016-09-13
717,24,MUJER,PRINCIPAL,Santa Fe,DISPARO DE BALA -,2016-09-12
716,33,TRAVESTI,PRINCIPAL,Mendoza,ACUCHILLAMIENTO -,2015-03-01
715,53,TRAVESTI,PRINCIPAL,Buenos Aires,ACUCHILLAMIENTO -,2016-06-23
714,29,TRAVESTI,PRINCIPAL,Formosa,APUÑALAMIENTO - QUEMADURAS -,2016-04-01
713,32,TRANS FEMENINA,PRINCIPAL,Tierra del Fuego,ACUCHILLAMIENTO -,2013-05-12
712,27,MUJER,PRINCIPAL,Salta,ACUCHILLAMIENTO -,2016-09-13
711,36,TRAVESTI,PRINCIPAL,Jujuy,ACUCHILLAMIENTO -,2016-09-10
710,19,MUJER,PRINCIPAL,Buenos Aires,DISPARO DE BALA -,2016-09-09
709,50,MUJER,PRINCIPAL,Buenos Aires,Sin datos,2016-08-26
708,39,MUJER,PRINCIPAL,Buenos Aires,DISPARO DE BALA -,2016-08-21
707,21,MUJER,PRINCIPAL,Chubut,GOLPES - ACUCHILLAMIENTO -,2016-08-28
706,17,MUJER,PRINCIPAL,Santa Fe,Sin datos,2016-08-16
705,37,MUJER,PRINCIPAL,Corrientes,DISPARO DE BALA - ACUCHILLAMIENTO -,2016-08-19
704,36,MUJER,PRINCIPAL,Buenos Aires,AHORCAMIENTO - GOLPES -,2016-08-09
703,42,MUJER,PRINCIPAL,Buenos Aires,DISPARO DE BALA -,2016-07-20
702,,MUJER,VINCULADO,Córdoba,GOLPES -,2016-08-06
701,43,MUJER,PRINCIPAL,Buenos Aires,DISPARO DE BALA -,2016-08-13
700,63,MUJER,PRINCIPAL,Buenos Aires,QUEMADURAS - GOLPES -,2016-08-14
699,21,MUJER,PRINCIPAL,Chaco,OTROS -,2016-08-14
698,23,MUJER,PRINCIPAL,Buenos Aires,DISPARO DE BALA -,2016-08-14
696,18,MUJER,PRINCIPAL,Tucuman,AHORCAMIENTO -,2016-08-07
694,53,MUJER,PRINCIPAL,Buenos Aires,DISPARO DE BALA -,2016-08-08
693,20,MUJER,PRINCIPAL,Salta,GOLPES -,2014-03-06
692,18,MUJER,PRINCIPAL,Ciudad de Buenos Aires,ESTRANGULAMIENTO - ASFIXIA -,2016-07-29
691,17,MUJER,PRINCIPAL,Santa Fe,DISPARO DE BALA -,2016-07-31
690,25,MUJER,PRINCIPAL,Santa Fe,AHORCAMIENTO - GOLPES -,2016-07-28
689,31,MUJER,PRINCIPAL,Córdoba,DISPARO DE BALA -,2016-07-25
688,49,HOMBRE,VINCULADO,Córdoba,DISPARO DE BALA -,2014-09-04
687,43,MUJER,PRINCIPAL,Neuquen,ACUCHILLAMIENTO -,2016-07-06
686,20,MUJER,PRINCIPAL,Jujuy,AHORCAMIENTO -,2016-07-23
685,29,MUJER,PRINCIPAL,Jujuy,GOLPES -,2016-07-14
684,37,MUJER,PRINCIPAL,Santa Fe,ACUCHILLAMIENTO -,2016-07-23
683,,MUJER,PRINCIPAL,Buenos Aires,OTROS -,2016-07-19
682,23,MUJER,PRINCIPAL,Entre Rios,ESTRANGULAMIENTO - GOLPES -,2013-02-12
681,,MUJER,PRINCIPAL,Buenos Aires,QUEMADURAS -,2016-07-12
680,27,MUJER,PRINCIPAL,Buenos Aires,DISPARO DE BALA -,2016-07-12
679,29,MUJER,PRINCIPAL,Buenos Aires,DISPARO DE BALA -,2016-07-06
678,20,MUJER,PRINCIPAL,Misiones,ASFIXIA -,2016-06-13
677,53,MUJER,PRINCIPAL,Misiones,ESTRANGULAMIENTO -,2016-07-11
676,17,MUJER,PRINCIPAL,Córdoba,DISPARO DE BALA -,2016-07-10
675,50,MUJER,PRINCIPAL,Córdoba,DISPARO DE BALA -,2016-07-07
674,38,MUJER,PRINCIPAL,Buenos Aires,APUÑALAMIENTO -,2016-07-06
673,42,MUJER,PRINCIPAL,Santa Fe,DEGOLLAMIENTO -,2016-06-23
672,70,HOMBRE,VINCULADO,,Sin datos,
672,24,HOMBRE,VINCULADO,,Sin datos,
672,19,MUJER,VINCULADO,,Sin datos,
672,22,MUJER,VINCULADO,,Sin datos,
672,52,MUJER,PRINCIPAL,,Sin datos,
671,35,MUJER,PRINCIPAL,Mendoza,DISPARO DE BALA -,2016-07-05
670,26,MUJER,PRINCIPAL,Buenos Aires,OTROS -,2015-12-31
669,21,MUJER,PRINCIPAL,Salta,ACUCHILLAMIENTO -,2016-07-04
668,26,MUJER,PRINCIPAL,Formosa,GOLPES -,2016-06-26
667,25,MUJER,PRINCIPAL,Tierra del Fuego,ESTRANGULAMIENTO - DESCUARTIZAMIENTO -,2016-07-03
666,17,MUJER,PRINCIPAL,San Juan,ESTRANGULAMIENTO -,2016-06-16
665,26,MUJER,PRINCIPAL,Córdoba,ESTRANGULAMIENTO -,2016-06-22
664,58,MUJER,PRINCIPAL,Santa Fe,DISPARO DE BALA -,2016-06-22
663,56,MUJER,PRINCIPAL,Chaco,QUEMADURAS -,2016-06-20
662,36,MUJER,PRINCIPAL,Santiago del Estero,AHORCAMIENTO -,2016-06-16
661,24,MUJER,PRINCIPAL,Buenos Aires,DISPARO DE BALA -,2016-06-08
660,41,MUJER,PRINCIPAL,Buenos Aires,DEGOLLAMIENTO -,2016-06-07
659,25,MUJER,PRINCIPAL,Salta,DISPARO DE BALA -,2016-04-02
658,16,MUJER,PRINCIPAL,Salta,OTROS - GOLPES -,2016-03-18
657,8,MUJER,PRINCIPAL,Mendoza,OTROS - QUEMADURAS -,2016-04-12
656,71,MUJER,PRINCIPAL,Mendoza,GOLPES -,2015-12-17
655,35,TRAVESTI,PRINCIPAL,Mendoza,OTROS - GOLPES -,2016-06-05
654,12,MUJER,PRINCIPAL,Tucuman,OTROS - ESTRANGULAMIENTO -,2016-05-28
653,13,MUJER,PRINCIPAL,Buenos Aires,OTROS - ESTRANGULAMIENTO - GOLPES -,2016-04-23
652,12,MUJER,PRINCIPAL,Santa Fe,OTROS - ESTRANGULAMIENTO -,2016-05-25
651,25,,PRINCIPAL,Chubut,APUÑALAMIENTO - GOLPES -,2016-05-17
650,21,MUJER,PRINCIPAL,Santa Fe,OTROS - ESTRANGULAMIENTO - GOLPES -,2016-05-14
649,18,MUJER,PRINCIPAL,Entre Rios,OTROS - ESTRANGULAMIENTO -,2016-04-22
648,14,MUJER,PRINCIPAL,Buenos Aires,OTROS - ESTRANGULAMIENTO -,2016-05-06
648,26,MUJER,PRINCIPAL,Buenos Aires,OTROS - ESTRANGULAMIENTO -,2016-05-06
647,21,MUJER,PRINCIPAL,Salta,GOLPES -,2016-04-18
646,30,MUJER,PRINCIPAL,Córdoba,DISPARO DE BALA -,2016-05-06
645,44,MUJER,PRINCIPAL,Córdoba,Sin datos,2016-05-03
644,62,MUJER,PRINCIPAL,Entre Rios,Sin datos,2016-04-28
643,19,MUJER,PRINCIPAL,Córdoba,GOLPES -,2016-04-28
642,52,MUJER,PRINCIPAL,Mendoza,GOLPES -,2016-04-23
641,25,MUJER,PRINCIPAL,Buenos Aires,DISPARO DE BALA -,2016-04-26
640,60,MUJER,PRINCIPAL,Salta,GOLPES -,2015-01-25
639,24,,PRINCIPAL,Buenos Aires,OTROS - GOLPES -,2016-04-26
638,43,MUJER,PRINCIPAL,Córdoba,APUÑALAMIENTO -,2016-04-27
637,48,MUJER,PRINCIPAL,Santa Fe,DISPARO DE BALA -,2016-04-24
635,22,MUJER,PRINCIPAL,Santa Cruz,ESTRANGULAMIENTO -,2016-04-24
634,32,MUJER,PRINCIPAL,Salta,DISPARO DE BALA -,2016-03-21
633,44,MUJER,PRINCIPAL,Catamarca,ACUCHILLAMIENTO -,2016-04-24
631,53,MUJER,PRINCIPAL,Santa Fe,GOLPES -,2016-04-11
630,27,MUJER,PRINCIPAL,Buenos Aires,GOLPES -,2016-04-07
629,25,MUJER,VINCULADO,Santiago del Estero,DISPARO DE BALA -,2016-04-06
629,32,HOMBRE,VINCULADO,Santiago del Estero,DISPARO DE BALA -,2016-04-06
629,36,MUJER,PRINCIPAL,Santiago del Estero,DISPARO DE BALA -,2016-04-06
628,27,MUJER,PRINCIPAL,La Rioja,APUÑALAMIENTO -,2016-04-04
627,30,MUJER,PRINCIPAL,Ciudad de Buenos Aires,DISPARO DE BALA -,2016-04-01
626,22,MUJER,PRINCIPAL,Buenos Aires,DISPARO DE BALA -,2016-03-30
625,44,MUJER,PRINCIPAL,Córdoba,APUÑALAMIENTO -,2016-03-31
624,28,MUJER,PRINCIPAL,Rio Negro,GOLPES - ACUCHILLAMIENTO -,2016-03-23
623,21,MUJER,PRINCIPAL,Córdoba,Sin datos,2015-03-27
622,25,MUJER,PRINCIPAL,Santa Fe,DISPARO DE BALA -,2016-03-28
621,42,MUJER,PRINCIPAL,Buenos Aires,ACUCHILLAMIENTO -,2016-03-29
620,27,MUJER,PRINCIPAL,Rio Negro,GOLPES -,2016-03-27
619,38,MUJER,PRINCIPAL,Chubut,AHORCAMIENTO -,2015-03-23
618,11,MUJER,VINCULADO,Buenos Aires,QUEMADURAS - GOLPES -,2016-03-17
618,32,MUJER,PRINCIPAL,Buenos Aires,QUEMADURAS - GOLPES -,2016-03-17
617,29,MUJER,PRINCIPAL,Rio Negro,GOLPES -,2016-03-17
616,26,MUJER,PRINCIPAL,Misiones,ESTRANGULAMIENTO - GOLPES -,2016-03-20
615,34,MUJER,PRINCIPAL,Córdoba,ASFIXIA -,2015-03-04
614,43,MUJER,PRINCIPAL,Buenos Aires,ACUCHILLAMIENTO -,2016-03-13
613,25,MUJER,PRINCIPAL,Jujuy,ASFIXIA -,2015-04-18
612,28,MUJER,PRINCIPAL,,Sin datos,2016-03-13
611,26,MUJER,PRINCIPAL,Buenos Aires,APUÑALAMIENTO -,2016-03-14
610,,MUJER,PRINCIPAL,San Juan,GOLPES -,2016-03-11
609,26,MUJER,PRINCIPAL,Córdoba,DISPARO DE BALA -,2016-03-13
608,17,MUJER,PRINCIPAL,Buenos Aires,APUÑALAMIENTO -,2016-03-11
607,34,MUJER,PRINCIPAL,Buenos Aires,APUÑALAMIENTO -,2016-03-07
606,23,MUJER,PRINCIPAL,Buenos Aires,DISPARO DE BALA -,2016-02-02
605,32,MUJER,PRINCIPAL,San Luis,DISPARO DE BALA -,2016-01-30
604,40,MUJER,PRINCIPAL,Buenos Aires,DISPARO DE BALA -,2016-02-26
603,,TRAVESTI,PRINCIPAL,Buenos Aires,DISPARO DE BALA -,2016-02-28
602,34,TRAVESTI,PRINCIPAL,Buenos Aires,GOLPES -,2016-02-23
601,37,MUJER,PRINCIPAL,San Juan,APUÑALAMIENTO - GOLPES -,
600,64,MUJER,PRINCIPAL,San Juan,GOLPES -,2016-02-23
599,28,MUJER,PRINCIPAL,Buenos Aires,ACUCHILLAMIENTO -,2016-02-21
598,64,MUJER,PRINCIPAL,Buenos Aires,DEGOLLAMIENTO -,2015-03-27
597,18,MUJER,PRINCIPAL,La Rioja,DISPARO DE BALA -,2015-02-14
596,33,MUJER,PRINCIPAL,Mendoza,DISPARO DE BALA -,2016-02-17
595,45,MUJER,PRINCIPAL,Santiago del Estero,APUÑALAMIENTO -,2015-12-10
594,27,MUJER,PRINCIPAL,Neuquen,DISPARO DE BALA -,2016-01-24
593,28,MUJER,VINCULADO,Misiones,DISPARO DE BALA -,2016-02-13
592,25,MUJER,PRINCIPAL,,GOLPES -,2016-02-15
591,39,MUJER,PRINCIPAL,Buenos Aires,ESTRANGULAMIENTO -,2016-02-13
590,50,MUJER,PRINCIPAL,Formosa,APUÑALAMIENTO -,2016-02-15
589,13,MUJER,PRINCIPAL,Mendoza,ASFIXIA -,2016-02-07
588,21,MUJER,PRINCIPAL,Entre Rios,APUÑALAMIENTO -,2016-02-07
587,3,MUJER,PRINCIPAL,Mendoza,GOLPES -,2014-01-07
586,20,MUJER,PRINCIPAL,Ciudad de Buenos Aires,APUÑALAMIENTO -,2016-02-09
585,31,HOMBRE,VINCULADO,Entre Rios,APUÑALAMIENTO -,2016-02-10
584,38,MUJER,PRINCIPAL,Chaco,APUÑALAMIENTO -,2016-02-10
583,58,MUJER,PRINCIPAL,,APUÑALAMIENTO -,
582,3,MUJER,PRINCIPAL,Buenos Aires,GOLPES -,2016-01-30
581,29,MUJER,PRINCIPAL,Santa Fe,ASFIXIA -,2016-02-06
580,27,MUJER,PRINCIPAL,Buenos Aires,APUÑALAMIENTO -,2016-02-08
579,35,MUJER,PRINCIPAL,Santa Fe,APUÑALAMIENTO -,2016-02-07
578,36,MUJER,PRINCIPAL,Mendoza,APUÑALAMIENTO -,2016-02-07
577,73,MUJER,PRINCIPAL,Buenos Aires,ACUCHILLAMIENTO -,2015-12-10
576,48,MUJER,PRINCIPAL,Buenos Aires,DISPARO DE BALA -,2015-12-18
574,18,MUJER,PRINCIPAL,Buenos Aires,DEGOLLAMIENTO -,2016-02-04
573,32,MUJER,PRINCIPAL,Santa Fe,DEGOLLAMIENTO - GOLPES -,2015-11-04
572,66,MUJER,PRINCIPAL,Misiones,Sin datos,2014-02-28
571,58,MUJER,PRINCIPAL,Santiago del Estero,APUÑALAMIENTO -,2015-12-23
570,23,MUJER,PRINCIPAL,Buenos Aires,ASFIXIA - GOLPES -,2015-12-20
569,49,MUJER,PRINCIPAL,Neuquen,QUEMADURAS -,2015-08-27
568,33,MUJER,PRINCIPAL,Neuquen,DISPARO DE BALA -,2013-04-18
567,16,MUJER,PRINCIPAL,Córdoba,DISPARO DE BALA -,2016-01-16
566,31,MUJER,PRINCIPAL,Salta,APUÑALAMIENTO -,2016-01-23
565,46,MUJER,PRINCIPAL,,QUEMADURAS -,2016-01-22
564,37,MUJER,PRINCIPAL,Córdoba,GOLPES -,2016-01-22
563,13,MUJER,PRINCIPAL,,Sin datos,
562,40,TRAVESTI,PRINCIPAL,Rio Negro,DISPARO DE BALA -,2016-01-17
561,28,MUJER,PRINCIPAL,Buenos Aires,ACUCHILLAMIENTO -,2016-01-15
560,19,MUJER,PRINCIPAL,Corrientes,ESTRANGULAMIENTO -,2016-01-13
559,19,MUJER,PRINCIPAL,Chaco,ACUCHILLAMIENTO -,2015-11-22
558,49,MUJER,PRINCIPAL,Santa Fe,DISPARO DE BALA -,2016-01-13
557,35,MUJER,PRINCIPAL,Chaco,DISPARO DE BALA -,2015-11-23
556,20,MUJER,PRINCIPAL,Santa Fe,DISPARO DE BALA -,2015-12-15
555,20,MUJER,PRINCIPAL,Entre Rios,DESCUARTIZAMIENTO -,2015-12-22
553,40,MUJER,PRINCIPAL,Buenos Aires,APUÑALAMIENTO -,2015-12-11
552,22,MUJER,PRINCIPAL,Salta,AHORCAMIENTO -,2016-01-04
551,54,MUJER,PRINCIPAL,Santa Fe,ACUCHILLAMIENTO -,2016-01-04
550,38,MUJER,PRINCIPAL,Buenos Aires,GOLPES -,2015-12-27
549,62,MUJER,PRINCIPAL,Buenos Aires,APUÑALAMIENTO -,2015-12-24
548,46,MUJER,PRINCIPAL,Salta,ASFIXIA -,2015-12-01
547,25,MUJER,PRINCIPAL,Salta,DISPARO DE BALA -,2015-11-24
546,50,MUJER,PRINCIPAL,Ciudad de Buenos Aires,ACUCHILLAMIENTO -,2015-12-15
545,45,MUJER,PRINCIPAL,Córdoba,GOLPES -,2015-12-13
544,22,MUJER,PRINCIPAL,Córdoba,GOLPES -,2015-12-06
543,21,MUJER,PRINCIPAL,,Sin datos,2015-12-03
542,16,MUJER,PRINCIPAL,Chaco,GOLPES -,2015-12-06
541,18,MUJER,PRINCIPAL,Buenos Aires,APUÑALAMIENTO -,2015-12-02
540,3,MUJER,PRINCIPAL,Jujuy,ESTRANGULAMIENTO -,2015-12-02
192,20,MUJER,PRINCIPAL,Neuquen,DISPARO DE BALA -,2015-09-21
166,17,MUJER,PRINCIPAL,Santa Fe,GOLPES -,2015-11-15
56,23,MUJER,PRINCIPAL,Buenos Aires,DEGOLLAMIENTO -,2015-11-20
1,56,MUJER,PRINCIPAL,Salta,GOLPES -,2015-11-13
77,3,HOMBRE,VINCULADO,Buenos Aires,ACUCHILLAMIENTO -,2015-11-16
77,23,MUJER,PRINCIPAL,Buenos Aires,ACUCHILLAMIENTO -,2015-11-16
24,17,MUJER,PRINCIPAL,Santa Cruz,ESTRANGULAMIENTO -,2015-11-08
23,57,MUJER,PRINCIPAL,Mendoza,GOLPES -,2014-04-02
72,23,MUJER,PRINCIPAL,Buenos Aires,DISPARO DE BALA -,2015-11-11
55,42,MUJER,PRINCIPAL,Mendoza,APUÑALAMIENTO -,2015-10-30
48,36,MUJER,PRINCIPAL,Misiones,ESTRANGULAMIENTO -,2015-10-21
61,15,MUJER,PRINCIPAL,Chaco,Sin datos,2013-06-30
539,20,MUJER,PRINCIPAL,Buenos Aires,ESTRANGULAMIENTO - ASFIXIA -,2015-03-14
28,24,MUJER,PRINCIPAL,Santa Fe,DISPARO DE BALA -,2015-02-01
538,55,MUJER,PRINCIPAL,Buenos Aires,ACUCHILLAMIENTO -,2015-10-28
537,26,MUJER,PRINCIPAL,Córdoba,APUÑALAMIENTO -,2015-10-23
536,27,MUJER,PRINCIPAL,Buenos Aires,ESTRANGULAMIENTO -,2015-10-22
535,51,MUJER,PRINCIPAL,Buenos Aires,DISPARO DE BALA -,2015-10-22
534,25,MUJER,PRINCIPAL,Buenos Aires,Sin datos,2015-10-18
533,41,MUJER,PRINCIPAL,Ciudad de Buenos Aires,QUEMADURAS -,2015-09-05
532,33,MUJER,PRINCIPAL,Buenos Aires,DISPARO DE BALA -,2015-10-19
531,35,MUJER,PRINCIPAL,,Sin datos,
530,22,MUJER,PRINCIPAL,Buenos Aires,DISPARO DE BALA -,2014-05-12
529,44,,PRINCIPAL,Buenos Aires,DISPARO DE BALA -,2015-04-29
527,17,MUJER,PRINCIPAL,Buenos Aires,Sin datos,2015-09-18
525,35,MUJER,PRINCIPAL,Buenos Aires,APUÑALAMIENTO -,2015-10-11
524,47,MUJER,PRINCIPAL,Buenos Aires,DEGOLLAMIENTO -,2015-10-08
523,59,TRANS FEMENINA,PRINCIPAL,Santa Fe,DISPARO DE BALA - GOLPES - ACUCHILLAMIENTO -,2015-09-25
522,26,TRANS FEMENINA,PRINCIPAL,Santa Cruz,Sin datos,
521,42,TRAVESTI,PRINCIPAL,Ciudad de Buenos Aires,ACUCHILLAMIENTO -,2015-10-11
520,23,MUJER,PRINCIPAL,Buenos Aires,GOLPES -,2015-10-12
519,38,MUJER,PRINCIPAL,Buenos Aires,Sin datos,2015-10-10
518,23,MUJER,PRINCIPAL,Salta,Sin datos,2015-10-09
517,18,MUJER,PRINCIPAL,,QUEMADURAS -,
516,47,MUJER,PRINCIPAL,Rio Negro,ESTRANGULAMIENTO -,2015-10-07
515,16,MUJER,PRINCIPAL,Salta,ESTRANGULAMIENTO -,2014-05-12
514,17,MUJER,PRINCIPAL,Buenos Aires,GOLPES -,2014-05-30
513,19,MUJER,PRINCIPAL,,DISPARO DE BALA -,2014-08-06
512,21,MUJER,PRINCIPAL,Formosa,APUÑALAMIENTO -,
511,20,MUJER,PRINCIPAL,Tucuman,DISPARO DE BALA -,
510,21,MUJER,PRINCIPAL,,Sin datos,2014-03-08
509,19,MUJER,VINCULADO,Buenos Aires,DISPARO DE BALA -,2014-05-25
509,17,MUJER,PRINCIPAL,Buenos Aires,DISPARO DE BALA -,2014-05-25
508,19,MUJER,PRINCIPAL,Salta,ACUCHILLAMIENTO -,2014-12-07
507,44,MUJER,PRINCIPAL,Buenos Aires,APUÑALAMIENTO -,2015-10-06
506,17,MUJER,PRINCIPAL,Buenos Aires,DISPARO DE BALA -,2015-10-07
505,43,,PRINCIPAL,,Sin datos,
504,,MUJER,PRINCIPAL,Chaco,QUEMADURAS -,
503,53,MUJER,PRINCIPAL,Salta,ACUCHILLAMIENTO -,2015-09-20
502,44,MUJER,PRINCIPAL,Buenos Aires,GOLPES - ACUCHILLAMIENTO -,2015-08-21
499,39,MUJER,PRINCIPAL,,Sin datos,
498,21,MUJER,PRINCIPAL,,Sin datos,
497,53,MUJER,PRINCIPAL,Santa Fe,GOLPES -,2014-02-19
496,,MUJER,PRINCIPAL,,Sin datos,
495,27,MUJER,PRINCIPAL,Mendoza,GOLPES -,2015-09-20
494,25,MUJER,PRINCIPAL,Buenos Aires,GOLPES -,2015-09-18
493,48,MUJER,PRINCIPAL,Buenos Aires,DEGOLLAMIENTO -,2014-10-28
492,24,TRAVESTI,PRINCIPAL,Santiago del Estero,ATROPELLAMIENTO - GOLPES - ACUCHILLAMIENTO -,2014-12-03
491,55,TRANS FEMENINA,PRINCIPAL,Buenos Aires,ACUCHILLAMIENTO -,2014-11-25
490,36,TRANS FEMENINA,PRINCIPAL,Buenos Aires,GOLPES -,2014-11-06
489,16,MUJER,PRINCIPAL,Buenos Aires,GOLPES -,
488,17,MUJER,PRINCIPAL,Buenos Aires,Sin datos,2014-03-10
487,60,MUJER,PRINCIPAL,Chubut,DISPARO DE BALA -,2015-06-03
486,3,MUJER,PRINCIPAL,Buenos Aires,GOLPES -,2014-08-21
484,36,MUJER,PRINCIPAL,Neuquen,DISPARO DE BALA -,2015-09-12
483,24,MUJER,PRINCIPAL,Santa Fe,DISPARO DE BALA -,2015-09-12
482,24,MUJER,PRINCIPAL,Buenos Aires,OTROS - GOLPES -,2015-08-13
481,81,MUJER,PRINCIPAL,Buenos Aires,GOLPES -,2015-07-15
480,42,MUJER,PRINCIPAL,Buenos Aires,GOLPES -,2015-08-19
479,38,MUJER,PRINCIPAL,Buenos Aires,QUEMADURAS -,2015-08-02
478,73,MUJER,PRINCIPAL,Buenos Aires,Sin datos,2015-08-24
477,85,MUJER,PRINCIPAL,Ciudad de Buenos Aires,Sin datos,
476,2,,VINCULADO,Misiones,Sin datos,2015-01-29
475,22,MUJER,PRINCIPAL,Buenos Aires,ACUCHILLAMIENTO -,2015-07-19
474,30,MUJER,PRINCIPAL,Jujuy,DISPARO DE BALA -,2013-02-24
473,46,MUJER,PRINCIPAL,Corrientes,ESTRANGULAMIENTO - GOLPES -,2015-08-27
472,48,MUJER,PRINCIPAL,Entre Rios,DISPARO DE BALA -,2013-10-29
471,30,MUJER,PRINCIPAL,Entre Rios,ACUCHILLAMIENTO -,2013-06-17
470,24,MUJER,PRINCIPAL,,Sin datos,
469,19,MUJER,PRINCIPAL,Entre Rios,DISPARO DE BALA -,2013-03-24
468,,HOMBRE,VINCULADO,Entre Rios,DISPARO DE BALA -,2013-01-13
467,41,MUJER,PRINCIPAL,Entre Rios,ACUCHILLAMIENTO -,2013-08-28
465,11,MUJER,PRINCIPAL,,OTROS -,2013-02-23
464,25,MUJER,PRINCIPAL,Santa Fe,GOLPES -,2013-03-07
463,7,,VINCULADO,Corrientes,DISPARO DE BALA -,2013-05-30
463,3,,VINCULADO,Corrientes,DISPARO DE BALA -,2013-05-30
462,21,MUJER,PRINCIPAL,Salta,ESTRANGULAMIENTO -,2013-07-08
461,25,MUJER,PRINCIPAL,Buenos Aires,GOLPES -,2013-10-25
460,68,MUJER,PRINCIPAL,Rio Negro,OTROS - ASFIXIA - GOLPES -,2013-07-26
459,,MUJER,PRINCIPAL,Buenos Aires,DISPARO DE BALA -,2014-02-06
458,36,MUJER,PRINCIPAL,Buenos Aires,ACUCHILLAMIENTO -,2013-05-01
457,15,,VINCULADO,Buenos Aires,ASFIXIA -,2015-03-27
456,15,MUJER,PRINCIPAL,Buenos Aires,DISPARO DE BALA -,2015-05-21
455,22,MUJER,PRINCIPAL,Entre Rios,OTROS -,2013-07-15
454,50,MUJER,PRINCIPAL,Entre Rios,ESTRANGULAMIENTO - GOLPES -,2015-08-31
453,47,MUJER,PRINCIPAL,Entre Rios,QUEMADURAS -,2015-03-12
452,7,,VINCULADO,Entre Rios,OTROS -,2015-04-20
451,40,MUJER,PRINCIPAL,Entre Rios,ACUCHILLAMIENTO -,2015-03-18
450,51,MUJER,PRINCIPAL,Buenos Aires,DISPARO DE BALA -,2015-08-31
449,16,MUJER,PRINCIPAL,Misiones,ACUCHILLAMIENTO -,2015-08-16
443,40,MUJER,PRINCIPAL,,DISPARO DE BALA -,2013-04-30
448,33,MUJER,PRINCIPAL,Buenos Aires,OTROS -,2015-08-22
447,25,MUJER,PRINCIPAL,Córdoba,DISPARO DE BALA - GOLPES -,2015-08-24
446,8,,VINCULADO,Buenos Aires,DISPARO DE BALA -,2015-08-25
446,35,MUJER,PRINCIPAL,Buenos Aires,DISPARO DE BALA -,2015-08-25
445,52,MUJER,PRINCIPAL,Buenos Aires,GOLPES -,2015-07-31
444,39,MUJER,PRINCIPAL,Buenos Aires,OTROS - GOLPES - ACUCHILLAMIENTO -,2015-08-24
442,17,MUJER,PRINCIPAL,Entre Rios,Sin datos,2015-08-25
357,25,MUJER,PRINCIPAL,Córdoba,Sin datos,2013-02-12
440,21,MUJER,PRINCIPAL,Córdoba,ACUCHILLAMIENTO -,2013-05-03
439,32,MUJER,PRINCIPAL,Córdoba,ACUCHILLAMIENTO -,2013-04-21
438,23,MUJER,PRINCIPAL,Córdoba,DISPARO DE BALA -,2013-12-02
437,32,,PRINCIPAL,Córdoba,ACUCHILLAMIENTO -,2012-12-16
436,12,,VINCULADO,Córdoba,DISPARO DE BALA -,2013-11-05
436,10,,VINCULADO,Córdoba,DISPARO DE BALA -,2013-11-05
435,,,VINCULADO,Córdoba,OTROS - ESTRANGULAMIENTO - ASFIXIA -,2013-12-19
435,27,MUJER,PRINCIPAL,Córdoba,OTROS - ESTRANGULAMIENTO - ASFIXIA -,2013-12-19
433,42,MUJER,PRINCIPAL,Córdoba,ACUCHILLAMIENTO -,2013-12-04
434,9,MUJER,PRINCIPAL,Salta,Sin datos,2013-05-18
431,67,MUJER,PRINCIPAL,Córdoba,OTROS - QUEMADURAS - GOLPES -,2013-07-28
432,32,MUJER,PRINCIPAL,,Sin datos,
430,49,MUJER,PRINCIPAL,,Sin datos,
429,24,MUJER,PRINCIPAL,Córdoba,ESTRANGULAMIENTO - GOLPES -,2013-11-16
428,26,MUJER,PRINCIPAL,Buenos Aires,Sin datos,2013-01-30
427,40,MUJER,PRINCIPAL,Buenos Aires,DEGOLLAMIENTO -,2015-11-19
424,29,MUJER,PRINCIPAL,Córdoba,ACUCHILLAMIENTO -,2013-06-18
425,45,MUJER,PRINCIPAL,,Sin datos,
423,43,MUJER,PRINCIPAL,Córdoba,ACUCHILLAMIENTO -,2013-03-08
421,50,MUJER,PRINCIPAL,Córdoba,ACUCHILLAMIENTO -,2012-12-17
420,35,MUJER,PRINCIPAL,Córdoba,GOLPES - ACUCHILLAMIENTO -,2013-10-26
419,,,PRINCIPAL,,Sin datos,
418,37,MUJER,VINCULADO,Buenos Aires,Sin datos,2014-11-26
418,61,MUJER,PRINCIPAL,Buenos Aires,Sin datos,2014-11-26
417,28,MUJER,PRINCIPAL,,Sin datos,
416,16,MUJER,PRINCIPAL,Córdoba,DISPARO DE BALA -,2013-12-12
415,4,HOMBRE,VINCULADO,San Luis,DISPARO DE BALA -,2013-11-04
415,26,MUJER,PRINCIPAL,San Luis,DISPARO DE BALA -,2013-11-04
414,40,MUJER,PRINCIPAL,Córdoba,QUEMADURAS -,2013-11-24
413,31,MUJER,PRINCIPAL,Córdoba,ASFIXIA -,2013-05-07
412,40,MUJER,PRINCIPAL,Buenos Aires,ACUCHILLAMIENTO -,2014-05-05
411,47,MUJER,PRINCIPAL,Córdoba,ACUCHILLAMIENTO -,2013-06-08
410,,MUJER,PRINCIPAL,Santa Fe,Sin datos,2013-08-20
409,52,MUJER,PRINCIPAL,Buenos Aires,QUEMADURAS - ESTRANGULAMIENTO -,2015-08-15
407,17,MUJER,PRINCIPAL,Buenos Aires,DISPARO DE BALA -,2013-10-26
406,7,HOMBRE,VINCULADO,Buenos Aires,DEGOLLAMIENTO -,2013-02-18
406,2,HOMBRE,VINCULADO,Buenos Aires,DEGOLLAMIENTO -,2013-02-18
405,4,HOMBRE,VINCULADO,Buenos Aires,QUEMADURAS -,2014-05-10
405,31,HOMBRE,VINCULADO,Buenos Aires,QUEMADURAS -,2014-05-10
405,13,MUJER,VINCULADO,Buenos Aires,QUEMADURAS -,2014-05-10
405,11,MUJER,VINCULADO,Buenos Aires,QUEMADURAS -,2014-05-10
405,10,MUJER,VINCULADO,Buenos Aires,QUEMADURAS -,2014-05-10
405,6,HOMBRE,VINCULADO,Buenos Aires,QUEMADURAS -,2014-05-10
405,5,MUJER,VINCULADO,Buenos Aires,QUEMADURAS -,2014-05-10
405,38,MUJER,PRINCIPAL,Buenos Aires,QUEMADURAS -,2014-05-10
404,43,MUJER,PRINCIPAL,,OTROS -,2014-09-06
403,24,MUJER,PRINCIPAL,Buenos Aires,GOLPES -,2014-12-20
402,4,HOMBRE,VINCULADO,Córdoba,DISPARO DE BALA - ACUCHILLAMIENTO -,2015-08-04
402,7,HOMBRE,VINCULADO,Córdoba,DISPARO DE BALA - ACUCHILLAMIENTO -,2015-08-04
401,20,MUJER,PRINCIPAL,Buenos Aires,OTROS - ESTRANGULAMIENTO - GOLPES -,2013-08-31
400,49,MUJER,PRINCIPAL,Buenos Aires,GOLPES - ACUCHILLAMIENTO -,2013-11-20
399,35,MUJER,PRINCIPAL,Buenos Aires,DISPARO DE BALA -,2013-12-17
398,45,MUJER,PRINCIPAL,Buenos Aires,OTROS - ESTRANGULAMIENTO - GOLPES -,2013-06-12
397,25,MUJER,PRINCIPAL,Santa Fe,DISPARO DE BALA -,2014-12-22
396,,,PRINCIPAL,,DISPARO DE BALA -,2015-06-01
395,16,MUJER,VINCULADO,Corrientes,ESTRANGULAMIENTO -,2015-06-03
394,22,,PRINCIPAL,Buenos Aires,QUEMADURAS -,2015-05-28
393,16,,PRINCIPAL,Buenos Aires,DISPARO DE BALA -,2015-07-18
392,20,MUJER,PRINCIPAL,Buenos Aires,ESTRANGULAMIENTO -,2013-10-30
391,27,MUJER,PRINCIPAL,Salta,ACUCHILLAMIENTO -,2013-03-13
390,,,PRINCIPAL,Córdoba,GOLPES -,2013-02-11
389,21,,PRINCIPAL,Mendoza,OTROS - ACUCHILLAMIENTO -,2013-05-07
388,59,MUJER,PRINCIPAL,Mendoza,OTROS - GOLPES -,2014-08-11
387,39,,PRINCIPAL,Mendoza,GOLPES -,2014-11-28
386,57,,PRINCIPAL,Mendoza,DISPARO DE BALA -,2015-02-13
385,45,,PRINCIPAL,Mendoza,GOLPES -,2013-07-12
382,26,MUJER,PRINCIPAL,Salta,DISPARO DE BALA -,2014-07-28
381,29,MUJER,PRINCIPAL,Corrientes,DISPARO DE BALA -,2015-01-18
379,27,MUJER,PRINCIPAL,Buenos Aires,OTROS - GOLPES -,2014-07-18
378,37,MUJER,PRINCIPAL,Buenos Aires,OTROS - ACUCHILLAMIENTO -,2014-07-07
377,86,MUJER,PRINCIPAL,Ciudad de Buenos Aires,GOLPES - ACUCHILLAMIENTO -,2014-06-21
377,63,MUJER,PRINCIPAL,Ciudad de Buenos Aires,GOLPES - ACUCHILLAMIENTO -,2014-06-21
376,32,MUJER,PRINCIPAL,Buenos Aires,GOLPES -,2014-04-06
375,53,MUJER,PRINCIPAL,Buenos Aires,DISPARO DE BALA -,2014-02-11
374,43,MUJER,PRINCIPAL,Buenos Aires,DISPARO DE BALA -,2013-11-25
69,23,MUJER,VINCULADO,Buenos Aires,ESTRANGULAMIENTO - DISPARO DE BALA -,2013-11-23
373,15,MUJER,PRINCIPAL,Entre Rios,DISPARO DE BALA -,2013-08-18
372,22,MUJER,PRINCIPAL,Córdoba,OTROS - GOLPES -,2013-06-30
371,33,MUJER,PRINCIPAL,Buenos Aires,GOLPES -,2013-05-20
370,48,,VINCULADO,Buenos Aires,DISPARO DE BALA -,2013-03-25
369,41,MUJER,PRINCIPAL,Santa Fe,DISPARO DE BALA -,2012-12-30
368,23,MUJER,PRINCIPAL,Entre Rios,ESTRANGULAMIENTO -,2013-02-11
367,34,MUJER,PRINCIPAL,Buenos Aires,ACUCHILLAMIENTO -,2013-01-02
367,10,,VINCULADO,Buenos Aires,ACUCHILLAMIENTO -,2013-01-02
366,20,MUJER,PRINCIPAL,Buenos Aires,GOLPES - ACUCHILLAMIENTO -,2013-11-07
365,34,MUJER,PRINCIPAL,Ciudad de Buenos Aires,OTROS - GOLPES -,2014-04-28
364,25,MUJER,PRINCIPAL,Buenos Aires,ESTRANGULAMIENTO -,2013-10-20
363,13,MUJER,PRINCIPAL,Catamarca,ESTRANGULAMIENTO -,2013-12-14
362,50,MUJER,PRINCIPAL,Buenos Aires,ASFIXIA - GOLPES -,2013-05-06
361,,MUJER,PRINCIPAL,Catamarca,OTROS - QUEMADURAS -,2013-03-31
359,,MUJER,PRINCIPAL,Catamarca,QUEMADURAS - ACUCHILLAMIENTO -,2013-01-29
358,,MUJER,PRINCIPAL,Tucuman,QUEMADURAS -,2013-02-02
354,46,MUJER,VINCULADO,Córdoba,ACUCHILLAMIENTO -,2013-03-12
352,34,MUJER,PRINCIPAL,Córdoba,Sin datos,2013-03-03
351,25,MUJER,PRINCIPAL,Córdoba,ESTRANGULAMIENTO -,2013-02-20
350,78,MUJER,PRINCIPAL,Córdoba,DISPARO DE BALA -,2013-02-06
349,22,MUJER,PRINCIPAL,Santa Fe,QUEMADURAS - ESTRANGULAMIENTO -,2014-12-06
348,38,MUJER,PRINCIPAL,Santa Fe,DISPARO DE BALA -,2015-04-14
347,55,MUJER,PRINCIPAL,Santa Fe,DISPARO DE BALA -,2015-04-16
346,31,TRAVESTI,PRINCIPAL,Santa Fe,Sin datos,2013-03-29
345,64,MUJER,PRINCIPAL,Salta,GOLPES -,2014-11-30
344,42,MUJER,PRINCIPAL,Santiago del Estero,ACUCHILLAMIENTO -,2014-02-19
342,,,PRINCIPAL,San Juan,GOLPES -,2014-01-17
341,16,MUJER,PRINCIPAL,San Juan,GOLPES -,2013-09-28
340,18,MUJER,PRINCIPAL,San Luis,DISPARO DE BALA -,2013-01-19
339,34,MUJER,PRINCIPAL,San Juan,GOLPES -,2013-05-26
338,40,MUJER,PRINCIPAL,San Luis,ACUCHILLAMIENTO -,2014-12-07
337,38,MUJER,PRINCIPAL,Buenos Aires,ACUCHILLAMIENTO -,
336,40,MUJER,PRINCIPAL,Corrientes,DISPARO DE BALA -,2014-12-13
335,21,MUJER,PRINCIPAL,Buenos Aires,ESTRANGULAMIENTO - GOLPES -,2014-06-17
334,21,MUJER,PRINCIPAL,,ACUCHILLAMIENTO - ACUCHILLAMIENTO -,2014-07-15
333,13,MUJER,PRINCIPAL,,ESTRANGULAMIENTO -,2014-09-17
332,83,MUJER,VINCULADO,Buenos Aires,APUÑALAMIENTO -,2014-08-15
332,58,MUJER,VINCULADO,Buenos Aires,APUÑALAMIENTO -,2014-08-15
331,28,MUJER,PRINCIPAL,Buenos Aires,DISPARO DE BALA -,2014-08-16
330,63,MUJER,PRINCIPAL,Buenos Aires,APUÑALAMIENTO -,2013-11-20
328,34,MUJER,PRINCIPAL,,Sin datos,
329,11,,PRINCIPAL,Chubut,OTROS - ESTRANGULAMIENTO -,2013-09-02
327,28,MUJER,PRINCIPAL,Buenos Aires,DISPARO DE BALA -,2014-05-06
326,41,MUJER,PRINCIPAL,Buenos Aires,DISPARO DE BALA -,2014-05-28
325,55,MUJER,PRINCIPAL,La Pampa,DISPARO DE BALA -,2014-12-14
324,27,MUJER,PRINCIPAL,La Pampa,GOLPES -,2014-08-19
323,30,MUJER,PRINCIPAL,Formosa,ACUCHILLAMIENTO -,2013-11-10
322,29,MUJER,PRINCIPAL,Ciudad de Buenos Aires,DISPARO DE BALA -,2014-10-09
321,21,MUJER,PRINCIPAL,,ACUCHILLAMIENTO -,2013-03-08
319,35,MUJER,PRINCIPAL,,GOLPES -,2013-10-06
317,17,MUJER,PRINCIPAL,Corrientes,Sin datos,2015-03-18
316,,MUJER,PRINCIPAL,Buenos Aires,Sin datos,2014-02-10
315,31,MUJER,PRINCIPAL,Misiones,QUEMADURAS -,2015-01-13
314,18,MUJER,PRINCIPAL,,ASFIXIA -,2014-12-09
313,46,MUJER,PRINCIPAL,Entre Rios,DISPARO DE BALA -,2015-02-07
312,25,MUJER,PRINCIPAL,Buenos Aires,ESTRANGULAMIENTO -,2014-03-07
311,40,MUJER,PRINCIPAL,Buenos Aires,DISPARO DE BALA -,2014-11-14
310,47,MUJER,PRINCIPAL,Rio Negro,DISPARO DE BALA - GOLPES -,2014-11-20
309,32,TRAVESTI,PRINCIPAL,Tierra del Fuego,ACUCHILLAMIENTO -,2013-05-12
308,16,MUJER,PRINCIPAL,Buenos Aires,DISPARO DE BALA -,2015-04-21
307,31,TRAVESTI,PRINCIPAL,Salta,GOLPES -,2014-12-24
304,16,MUJER,VINCULADO,Corrientes,Sin datos,2015-06-03
303,63,MUJER,PRINCIPAL,Buenos Aires,GOLPES -,2013-01-13
302,25,MUJER,PRINCIPAL,Ciudad de Buenos Aires,ACUCHILLAMIENTO -,2014-09-03
300,50,MUJER,PRINCIPAL,Santiago del Estero,ACUCHILLAMIENTO -,2014-08-10
299,43,MUJER,PRINCIPAL,Santiago del Estero,GOLPES -,2014-06-24
298,26,MUJER,PRINCIPAL,Santiago del Estero,ACUCHILLAMIENTO -,2014-06-15
297,36,MUJER,PRINCIPAL,Santiago del Estero,GOLPES -,2014-05-23
296,43,MUJER,PRINCIPAL,Santiago del Estero,GOLPES -,2014-03-13
295,43,MUJER,PRINCIPAL,Santiago del Estero,DISPARO DE BALA -,2014-03-07
294,43,MUJER,PRINCIPAL,Santiago del Estero,ACUCHILLAMIENTO -,2014-02-19
293,18,MUJER,PRINCIPAL,Santiago del Estero,ACUCHILLAMIENTO -,2015-01-25
292,23,MUJER,PRINCIPAL,Santiago del Estero,QUEMADURAS -,2014-01-10
291,53,,PRINCIPAL,Santiago del Estero,DISPARO DE BALA -,2013-10-21
290,19,,PRINCIPAL,Santiago del Estero,ACUCHILLAMIENTO -,2013-10-19
289,17,MUJER,PRINCIPAL,Santiago del Estero,GOLPES -,2013-10-30
288,41,MUJER,PRINCIPAL,Santiago del Estero,ACUCHILLAMIENTO -,2013-07-27
287,29,MUJER,PRINCIPAL,Santiago del Estero,ACUCHILLAMIENTO -,2013-06-01
286,69,MUJER,PRINCIPAL,Ciudad de Buenos Aires,ESTRANGULAMIENTO - ASFIXIA -,2013-12-26
285,34,,PRINCIPAL,Santiago del Estero,DISPARO DE BALA -,2013-04-28
284,42,MUJER,PRINCIPAL,,Sin datos,
282,55,MUJER,PRINCIPAL,Santiago del Estero,DISPARO DE BALA -,2013-04-21
281,22,MUJER,PRINCIPAL,Santiago del Estero,DISPARO DE BALA -,2013-02-11
279,17,MUJER,PRINCIPAL,Chaco,OTROS - ESTRANGULAMIENTO - GOLPES -,2015-06-17
277,29,MUJER,PRINCIPAL,Buenos Aires,DISPARO DE BALA -,2015-04-08
273,43,MUJER,PRINCIPAL,Corrientes,DISPARO DE BALA -,2014-02-14
276,39,MUJER,PRINCIPAL,Corrientes,ACUCHILLAMIENTO -,2015-06-18
275,71,MUJER,PRINCIPAL,Chaco,OTROS - GOLPES -,2015-04-22
274,40,MUJER,PRINCIPAL,Chaco,ACUCHILLAMIENTO -,2015-04-01
272,25,MUJER,PRINCIPAL,Chaco,ASFIXIA -,2015-01-01
271,22,MUJER,PRINCIPAL,San Luis,DISPARO DE BALA -,2015-03-29
270,22,MUJER,PRINCIPAL,Chaco,DISPARO DE BALA -,2014-10-13
268,74,MUJER,PRINCIPAL,,DISPARO DE BALA -,2015-05-12
269,43,MUJER,PRINCIPAL,Chaco,DISPARO DE BALA -,2014-10-11
267,18,MUJER,PRINCIPAL,Chaco,ACUCHILLAMIENTO -,2014-09-08
265,12,MUJER,PRINCIPAL,Buenos Aires,ESTRANGULAMIENTO - ASFIXIA -,2014-02-23
266,,MUJER,PRINCIPAL,Chaco,OTROS - GOLPES -,2014-07-07
264,28,,PRINCIPAL,Chaco,GOLPES -,2014-05-03
263,18,MUJER,PRINCIPAL,Chaco,Sin datos,2014-04-30
262,23,MUJER,PRINCIPAL,,Sin datos,
261,20,MUJER,PRINCIPAL,Catamarca,ESTRANGULAMIENTO - GOLPES -,2013-10-04
260,50,TRAVESTI,PRINCIPAL,Chaco,GOLPES -,2014-04-23
259,25,MUJER,PRINCIPAL,Chaco,DISPARO DE BALA -,2014-04-16
258,23,MUJER,PRINCIPAL,Chaco,ESTRANGULAMIENTO -,2014-02-20
257,21,MUJER,PRINCIPAL,,ACUCHILLAMIENTO -,2014-08-14
256,48,MUJER,PRINCIPAL,Santa Cruz,ASFIXIA -,2014-10-25
255,17,MUJER,PRINCIPAL,Chaco,DISPARO DE BALA -,2014-01-24
254,27,MUJER,PRINCIPAL,Chaco,ACUCHILLAMIENTO -,2014-01-13
253,,MUJER,PRINCIPAL,Chaco,ACUCHILLAMIENTO -,2013-11-01
252,41,MUJER,VINCULADO,Chaco,ACUCHILLAMIENTO -,2013-10-26
252,21,MUJER,PRINCIPAL,Chaco,ACUCHILLAMIENTO -,2013-10-26
251,19,MUJER,PRINCIPAL,Chaco,ACUCHILLAMIENTO -,2013-10-14
250,41,MUJER,PRINCIPAL,Chaco,DISPARO DE BALA -,2013-09-02
249,34,MUJER,PRINCIPAL,Chaco,DISPARO DE BALA -,2013-02-17
248,16,MUJER,PRINCIPAL,Salta,ASFIXIA - ASFIXIA -,2015-08-03
247,14,MUJER,PRINCIPAL,,ESTRANGULAMIENTO -,2014-08-21
246,56,MUJER,PRINCIPAL,Mendoza,ACUCHILLAMIENTO -,2015-05-15
244,33,,PRINCIPAL,Mendoza,ACUCHILLAMIENTO -,2014-06-19
241,,MUJER,PRINCIPAL,,Sin datos,
243,69,MUJER,PRINCIPAL,Mendoza,OTROS - ACUCHILLAMIENTO -,2014-05-09
240,20,MUJER,PRINCIPAL,Santa Cruz,ACUCHILLAMIENTO -,2015-01-25
242,37,MUJER,PRINCIPAL,Mendoza,DISPARO DE BALA -,2013-01-16
239,34,MUJER,PRINCIPAL,Salta,GOLPES - ACUCHILLAMIENTO -,2014-12-04
238,32,MUJER,PRINCIPAL,Santa Fe,APUÑALAMIENTO -,2013-01-19
237,18,MUJER,PRINCIPAL,Santa Fe,DISPARO DE BALA -,2014-11-02
236,36,MUJER,PRINCIPAL,,Sin datos,2013-03-31
235,63,MUJER,PRINCIPAL,Salta,GOLPES - ACUCHILLAMIENTO -,2015-01-20
234,19,MUJER,PRINCIPAL,Rio Negro,ATROPELLAMIENTO - GOLPES -,2014-09-21
233,21,MUJER,PRINCIPAL,Neuquen,DISPARO DE BALA -,2013-01-17
232,48,MUJER,PRINCIPAL,Corrientes,APUÑALAMIENTO - DEGOLLAMIENTO -,2013-05-01
231,30,MUJER,PRINCIPAL,San Luis,GOLPES -,2015-07-29
230,30,MUJER,PRINCIPAL,,DISPARO DE BALA -,2013-03-25
229,12,MUJER,PRINCIPAL,Misiones,OTROS - ESTRANGULAMIENTO -,2015-04-22
228,16,MUJER,PRINCIPAL,Misiones,ACUCHILLAMIENTO -,2015-04-07
227,48,MUJER,PRINCIPAL,Misiones,ACUCHILLAMIENTO -,2015-03-23
226,40,MUJER,PRINCIPAL,Misiones,QUEMADURAS - GOLPES -,2015-01-06
224,23,MUJER,PRINCIPAL,Mendoza,GOLPES -,2014-08-03
222,52,MUJER,PRINCIPAL,Misiones,DISPARO DE BALA - GOLPES -,2014-12-29
221,44,MUJER,PRINCIPAL,Misiones,GOLPES - ACUCHILLAMIENTO -,2014-12-18
220,1,MUJER,PRINCIPAL,,GOLPES -,2015-06-10
219,23,MUJER,PRINCIPAL,Misiones,ESTRANGULAMIENTO - DISPARO DE BALA -,2014-11-08
218,14,,PRINCIPAL,Rio Negro,ESTRANGULAMIENTO -,2014-10-24
217,24,MUJER,PRINCIPAL,Misiones,ESTRANGULAMIENTO - ASFIXIA -,2014-10-18
216,56,MUJER,PRINCIPAL,Misiones,ACUCHILLAMIENTO -,2014-05-04
215,17,,PRINCIPAL,Misiones,DISPARO DE BALA -,2014-03-09
214,24,MUJER,PRINCIPAL,Misiones,GOLPES -,2014-03-08
213,54,MUJER,PRINCIPAL,Misiones,DISPARO DE BALA -,2014-01-29
212,29,MUJER,PRINCIPAL,,GOLPES -,2014-03-13
211,24,MUJER,PRINCIPAL,,OTROS -,2014-08-17
209,23,MUJER,PRINCIPAL,Santiago del Estero,ACUCHILLAMIENTO -,2015-06-12
208,19,MUJER,PRINCIPAL,Misiones,GOLPES -,2013-12-30
206,27,MUJER,PRINCIPAL,Misiones,ESTRANGULAMIENTO - GOLPES -,2013-11-22
204,41,MUJER,PRINCIPAL,Santiago del Estero,ACUCHILLAMIENTO -,2013-03-13
205,27,MUJER,PRINCIPAL,Misiones,DISPARO DE BALA -,2013-10-17
205,25,MUJER,VINCULADO,Misiones,DISPARO DE BALA -,2013-10-17
203,29,MUJER,PRINCIPAL,Misiones,ACUCHILLAMIENTO -,2013-09-21
202,24,MUJER,PRINCIPAL,Misiones,DISPARO DE BALA -,2013-09-15
201,21,MUJER,PRINCIPAL,Misiones,DISPARO DE BALA -,2013-04-06
200,24,MUJER,PRINCIPAL,Misiones,OTROS - QUEMADURAS - GOLPES -,2013-04-06
199,35,MUJER,PRINCIPAL,Rio Negro,ACUCHILLAMIENTO -,2014-04-20
198,47,MUJER,PRINCIPAL,,DISPARO DE BALA -,2015-07-27
197,47,MUJER,PRINCIPAL,Misiones,Sin datos,2013-02-14
196,40,MUJER,PRINCIPAL,Misiones,GOLPES - ACUCHILLAMIENTO -,2013-01-13
195,7,,PRINCIPAL,Misiones,OTROS -,2013-01-09
193,23,MUJER,PRINCIPAL,Buenos Aires,ACUCHILLAMIENTO -,2015-07-30
191,34,MUJER,PRINCIPAL,Santiago del Estero,ACUCHILLAMIENTO -,2015-07-26
190,13,,PRINCIPAL,Jujuy,Sin datos,2015-07-19
189,19,MUJER,PRINCIPAL,Buenos Aires,OTROS -,2013-02-14
188,25,MUJER,PRINCIPAL,Buenos Aires,OTROS -,2015-06-19
187,34,TRAVESTI,PRINCIPAL,Córdoba,ASFIXIA -,2015-07-25
186,20,MUJER,PRINCIPAL,Ciudad de Buenos Aires,DISPARO DE BALA -,2015-07-24
185,24,MUJER,PRINCIPAL,,Sin datos,2013-11-25
184,23,MUJER,PRINCIPAL,Buenos Aires,OTROS -,2015-05-25
183,33,MUJER,PRINCIPAL,Buenos Aires,OTROS - GOLPES -,2013-06-02
182,39,MUJER,PRINCIPAL,Neuquen,DISPARO DE BALA -,2013-02-22
181,41,,PRINCIPAL,Santa Fe,QUEMADURAS -,2014-12-12
180,19,MUJER,PRINCIPAL,Salta,ESTRANGULAMIENTO - GOLPES -,2014-07-13
179,22,MUJER,PRINCIPAL,Corrientes,GOLPES -,2015-04-09
178,52,MUJER,PRINCIPAL,Chaco,QUEMADURAS - GOLPES -,2013-05-22
176,47,MUJER,PRINCIPAL,Córdoba,ACUCHILLAMIENTO -,2013-02-08
175,22,MUJER,PRINCIPAL,Salta,Sin datos,2014-05-04
174,21,,PRINCIPAL,Salta,QUEMADURAS -,2015-07-06
172,31,MUJER,PRINCIPAL,Santiago del Estero,OTROS - ACUCHILLAMIENTO -,2015-07-13
171,32,MUJER,PRINCIPAL,Chaco,OTROS - QUEMADURAS - GOLPES -,2015-05-01
170,26,MUJER,PRINCIPAL,Rio Negro,Sin datos,2015-04-10
169,27,MUJER,PRINCIPAL,Buenos Aires,OTROS - GOLPES - ACUCHILLAMIENTO -,2015-03-01
168,44,,PRINCIPAL,Corrientes,ACUCHILLAMIENTO -,2015-03-15
165,29,MUJER,PRINCIPAL,Buenos Aires,ESTRANGULAMIENTO -,2015-01-17
164,23,MUJER,PRINCIPAL,Santa Fe,ACUCHILLAMIENTO -,2015-01-21
163,18,MUJER,PRINCIPAL,Santa Fe,ESTRANGULAMIENTO -,2015-02-13
162,36,MUJER,PRINCIPAL,Santa Fe,Sin datos,2015-01-05
161,23,MUJER,PRINCIPAL,Neuquen,DESBARRANCAMIENTO -,2015-04-04
160,32,MUJER,PRINCIPAL,Ciudad de Buenos Aires,DISPARO DE BALA -,2015-04-15
159,39,MUJER,PRINCIPAL,Neuquen,DISPARO DE BALA -,2014-06-14
157,55,HOMBRE,VINCULADO,La Pampa,DISPARO DE BALA -,2015-07-12
157,49,MUJER,PRINCIPAL,La Pampa,DISPARO DE BALA -,2015-07-12
154,53,MUJER,PRINCIPAL,Jujuy,Sin datos,2015-05-29
140,34,MUJER,PRINCIPAL,Córdoba,ACUCHILLAMIENTO - ACUCHILLAMIENTO -,2015-01-09
152,24,MUJER,PRINCIPAL,Ciudad de Buenos Aires,ESTRANGULAMIENTO -,2015-05-04
151,16,MUJER,PRINCIPAL,Buenos Aires,OTROS - ASFIXIA -,2014-11-16
150,26,MUJER,PRINCIPAL,Ciudad de Buenos Aires,ACUCHILLAMIENTO -,2015-04-09
149,65,MUJER,PRINCIPAL,Buenos Aires,ACUCHILLAMIENTO -,2014-04-10
148,35,MUJER,PRINCIPAL,Salta,ACUCHILLAMIENTO -,2014-12-04
147,50,MUJER,PRINCIPAL,Córdoba,DISPARO DE BALA -,2015-04-10
146,43,MUJER,PRINCIPAL,Córdoba,OTROS - GOLPES - ACUCHILLAMIENTO -,2015-03-30
145,40,MUJER,PRINCIPAL,Buenos Aires,ESTRANGULAMIENTO - GOLPES - ACUCHILLAMIENTO -,2015-07-08
144,21,MUJER,PRINCIPAL,Córdoba,DISPARO DE BALA -,2013-03-17
143,35,MUJER,PRINCIPAL,Córdoba,ESTRANGULAMIENTO -,2015-03-11
142,51,MUJER,PRINCIPAL,Córdoba,ESTRANGULAMIENTO - ASFIXIA -,2015-02-03
141,36,MUJER,PRINCIPAL,Córdoba,ACUCHILLAMIENTO -,2014-12-28
139,42,MUJER,PRINCIPAL,Córdoba,GOLPES -,2014-06-29
138,41,MUJER,PRINCIPAL,Córdoba,ACUCHILLAMIENTO -,2015-02-23
130,,MUJER,PRINCIPAL,Formosa,QUEMADURAS -,2015-06-07
129,44,MUJER,PRINCIPAL,Buenos Aires,ACUCHILLAMIENTO -,2014-08-14
128,49,,PRINCIPAL,,ACUCHILLAMIENTO -,2015-05-02
126,15,HOMBRE,VINCULADO,Chubut,DISPARO DE BALA -,2014-11-23
127,22,MUJER,PRINCIPAL,Salta,GOLPES -,2015-07-02
126,17,MUJER,VINCULADO,Chubut,DISPARO DE BALA -,2014-11-23
125,48,MUJER,PRINCIPAL,Chubut,DISPARO DE BALA -,2014-11-23
124,31,MUJER,PRINCIPAL,Buenos Aires,QUEMADURAS -,2013-02-08
123,17,MUJER,PRINCIPAL,Buenos Aires,ACUCHILLAMIENTO -,2015-07-01
122,23,MUJER,PRINCIPAL,Entre Rios,DISPARO DE BALA -,2014-04-01
121,39,TRAVESTI,PRINCIPAL,Buenos Aires,Sin datos,
120,23,MUJER,PRINCIPAL,Santa Fe,Sin datos,2014-11-04
119,27,MUJER,PRINCIPAL,Santa Fe,QUEMADURAS -,2013-03-30
118,20,MUJER,PRINCIPAL,Salta,ASFIXIA -,2014-11-08
117,45,MUJER,PRINCIPAL,Salta,DISPARO DE BALA -,2012-12-30
116,32,MUJER,PRINCIPAL,Entre Rios,Sin datos,2014-11-02
115,38,,PRINCIPAL,Entre Rios,ACUCHILLAMIENTO -,2014-07-31
114,36,,PRINCIPAL,Entre Rios,DISPARO DE BALA -,2014-07-03
113,25,MUJER,PRINCIPAL,Entre Rios,AHORCAMIENTO - ESTRANGULAMIENTO -,2014-05-18
112,47,MUJER,PRINCIPAL,Entre Rios,AHORCAMIENTO -,2014-02-27
111,30,MUJER,PRINCIPAL,Entre Rios,ACUCHILLAMIENTO -,2014-04-10
110,24,MUJER,PRINCIPAL,Entre Rios,ACUCHILLAMIENTO -,2014-03-10
109,20,MUJER,PRINCIPAL,Buenos Aires,GOLPES -,2015-06-27
108,16,MUJER,PRINCIPAL,Corrientes,ASFIXIA -,2015-05-21
107,31,MUJER,PRINCIPAL,Corrientes,GOLPES -,2013-05-14
106,52,,PRINCIPAL,Corrientes,QUEMADURAS -,2013-12-02
105,51,MUJER,PRINCIPAL,Córdoba,ACUCHILLAMIENTO -,2015-05-21
104,35,MUJER,PRINCIPAL,Córdoba,DISPARO DE BALA -,2013-09-26
102,44,MUJER,PRINCIPAL,Córdoba,ACUCHILLAMIENTO -,2014-04-15
101,34,MUJER,PRINCIPAL,Córdoba,Sin datos,2014-05-19
100,51,MUJER,PRINCIPAL,Córdoba,ACUCHILLAMIENTO -,2014-01-18
98,35,MUJER,PRINCIPAL,Córdoba,DISPARO DE BALA -,2014-01-26
97,24,MUJER,PRINCIPAL,Córdoba,DISPARO DE BALA -,2013-03-24
96,21,MUJER,PRINCIPAL,Córdoba,QUEMADURAS -,2013-01-01
95,38,MUJER,PRINCIPAL,Chaco,ACUCHILLAMIENTO -,2013-03-26
94,19,MUJER,PRINCIPAL,Ciudad de Buenos Aires,ASFIXIA -,2015-03-14
93,34,MUJER,PRINCIPAL,Ciudad de Buenos Aires,Sin datos,2013-02-09
91,26,MUJER,PRINCIPAL,Ciudad de Buenos Aires,Sin datos,2015-03-16
90,43,,PRINCIPAL,Buenos Aires,GOLPES - ACUCHILLAMIENTO -,2015-05-29
89,18,MUJER,PRINCIPAL,Buenos Aires,ASFIXIA - DESBARRANCAMIENTO - GOLPES -,2015-05-23
88,28,MUJER,PRINCIPAL,Buenos Aires,ACUCHILLAMIENTO -,2014-02-19
87,15,MUJER,PRINCIPAL,Buenos Aires,Sin datos,2014-07-23
86,22,MUJER,PRINCIPAL,Buenos Aires,QUEMADURAS - DISPARO DE BALA -,2014-07-03
85,38,MUJER,PRINCIPAL,Buenos Aires,QUEMADURAS - ESTRANGULAMIENTO - GOLPES - ACUCHILLAMIENTO -,2013-07-20
84,22,MUJER,PRINCIPAL,Buenos Aires,QUEMADURAS -,2015-02-23
81,,MUJER,PRINCIPAL,Chubut,DISPARO DE BALA -,2013-09-08
80,25,MUJER,PRINCIPAL,Chubut,DISPARO DE BALA -,2013-06-21
79,,,PRINCIPAL,Chubut,APUÑALAMIENTO -,2013-01-27
78,16,MUJER,PRINCIPAL,Ciudad de Buenos Aires,AHORCAMIENTO - ASFIXIA - GOLPES -,2013-06-10
76,26,MUJER,PRINCIPAL,Rio Negro,Sin datos,2014-12-28
74,34,MUJER,PRINCIPAL,Buenos Aires,Sin datos,2013-07-06
73,25,MUJER,PRINCIPAL,Santa Fe,QUEMADURAS -,2013-04-01
69,49,MUJER,PRINCIPAL,Buenos Aires,ESTRANGULAMIENTO - DISPARO DE BALA -,2013-11-23
68,38,MUJER,PRINCIPAL,Buenos Aires,Sin datos,2014-04-14
67,42,MUJER,PRINCIPAL,Santiago del Estero,DISPARO DE BALA -,2015-06-06
62,14,MUJER,PRINCIPAL,Santa Fe,GOLPES - DEGOLLAMIENTO -,2015-05-10
60,53,MUJER,PRINCIPAL,Buenos Aires,Sin datos,2013-05-29
59,30,MUJER,PRINCIPAL,Buenos Aires,Sin datos,2015-04-11
58,27,MUJER,PRINCIPAL,Buenos Aires,Sin datos,2015-04-14
57,25,MUJER,PRINCIPAL,Jujuy,Sin datos,2014-04-05
54,15,MUJER,PRINCIPAL,Buenos Aires,Sin datos,2013-09-07
53,19,MUJER,PRINCIPAL,Buenos Aires,ESTRANGULAMIENTO -,2013-09-30
51,38,MUJER,PRINCIPAL,Salta,ESTRANGULAMIENTO - GOLPES -,2014-09-08
50,17,MUJER,PRINCIPAL,,Sin datos,2014-09-09
49,38,MUJER,PRINCIPAL,Tucuman,Sin datos,2014-09-30
47,58,MUJER,PRINCIPAL,Santa Fe,APUÑALAMIENTO -,2015-02-23
45,47,MUJER,PRINCIPAL,Salta,GOLPES -,2014-07-25
44,,MUJER,PRINCIPAL,Salta,Sin datos,2014-10-05
43,21,MUJER,VINCULADO,Misiones,Sin datos,2014-01-05
42,22,MUJER,VINCULADO,Misiones,ATROPELLAMIENTO -,2014-01-05
40,8,HOMBRE,VINCULADO,Mendoza,DISPARO DE BALA -,2014-09-21
38,22,MUJER,PRINCIPAL,Entre Rios,ASFIXIA - GOLPES -,2014-10-24
37,34,MUJER,PRINCIPAL,Entre Rios,GOLPES -,2012-05-21
36,10,HOMBRE,VINCULADO,Entre Rios,DISPARO DE BALA -,2014-09-28
35,32,MUJER,PRINCIPAL,Corrientes,Sin datos,2014-09-06
34,31,MUJER,PRINCIPAL,Córdoba,Sin datos,2015-01-15
33,29,MUJER,PRINCIPAL,Córdoba,Sin datos,2014-02-16
32,,MUJER,PRINCIPAL,Córdoba,Sin datos,2014-05-16
31,41,MUJER,PRINCIPAL,Córdoba,ACUCHILLAMIENTO -,2014-07-23
30,40,MUJER,PRINCIPAL,Córdoba,Sin datos,2014-12-02
29,34,MUJER,PRINCIPAL,Córdoba,Sin datos,2015-01-28
27,33,MUJER,PRINCIPAL,Córdoba,ACUCHILLAMIENTO -,2014-10-20
26,,MUJER,PRINCIPAL,Córdoba,Sin datos,2014-10-20
22,33,MUJER,PRINCIPAL,Córdoba,Sin datos,2014-12-11
21,36,MUJER,PRINCIPAL,Córdoba,GOLPES - ACUCHILLAMIENTO -,2014-09-21
20,34,MUJER,PRINCIPAL,Córdoba,ACUCHILLAMIENTO -,2014-09-18
19,33,MUJER,PRINCIPAL,Chaco,OTROS - ACUCHILLAMIENTO -,2014-10-09
18,44,MUJER,PRINCIPAL,Ciudad de Buenos Aires,Sin datos,2015-02-24
17,19,MUJER,VINCULADO,Ciudad de Buenos Aires,Sin datos,2015-02-24
15,21,MUJER,PRINCIPAL,Buenos Aires,Sin datos,2015-01-06
14,,MUJER,PRINCIPAL,Buenos Aires,Sin datos,2015-02-23
13,18,MUJER,PRINCIPAL,Buenos Aires,GOLPES -,2015-01-09
12,19,MUJER,PRINCIPAL,Buenos Aires,ACUCHILLAMIENTO -,2015-01-14
11,38,MUJER,PRINCIPAL,Buenos Aires,ESTRANGULAMIENTO - ASFIXIA -,2014-01-16
10,26,MUJER,PRINCIPAL,Buenos Aires,Sin datos,2015-03-20
9,7,MUJER,VINCULADO,Buenos Aires,ACUCHILLAMIENTO -,2014-09-04
8,45,MUJER,PRINCIPAL,Mendoza,DISPARO DE BALA -,2014-08-14
7,16,MUJER,PRINCIPAL,Buenos Aires,ASFIXIA -,2014-08-23
6,39,MUJER,PRINCIPAL,Buenos Aires,Sin datos,2014-09-25
5,49,MUJER,PRINCIPAL,Buenos Aires,DISPARO DE BALA - OTROS -,2014-05-18
4,26,MUJER,PRINCIPAL,Santiago del Estero,DISPARO DE BALA -,2014-08-13
3,23,MUJER,PRINCIPAL,Catamarca,APUÑALAMIENTO - GOLPES -,2013-03-05
2,32,MUJER,PRINCIPAL,Buenos Aires,ACUCHILLAMIENTO -,2014-03-27
